<?xml version="1.0" encoding="UTF-8" ?>
<midsRegistration>
<User_Identifier>1</User_Identifier>
<Free_Text_Reg>Demande_Enregistrement_FT</Free_Text_Reg>
<List_Id_Fim>
   <Id_Fim>1</Id_Fim>
   <Id_Fim>2</Id_Fim>
   <Id_Fim>3</Id_Fim>
   <Id_Fim>5</Id_Fim>
   <Id_Fim>6</Id_Fim>
   <Id_Fim>7</Id_Fim>
   <Id_Fim>8</Id_Fim>
   <Id_Fim>9</Id_Fim>
   <Id_Fim>11</Id_Fim>
   <Id_Fim>14</Id_Fim>
   <Id_Fim>21</Id_Fim>
</List_Id_Fim>
<List_Id_Fom>
   <Id_Fom>1</Id_Fom>
   <Id_Fom>2</Id_Fom>
   <Id_Fom>3</Id_Fom>
   <Id_Fom>4</Id_Fom>
   <Id_Fom>5</Id_Fom>
   <Id_Fom>6</Id_Fom>
   <Id_Fom>7</Id_Fom>
   <Id_Fom>10</Id_Fom>
   <Id_Fom>11</Id_Fom>
   <Id_Fom>12</Id_Fom>
   <Id_Fom>13</Id_Fom>
   <Id_Fom>14</Id_Fom>
   <Id_Fom>15</Id_Fom>
   <Id_Fom>16</Id_Fom>
   <Id_Fom>18</Id_Fom>
   <Id_Fom>25</Id_Fom>
   <Id_Fom>26</Id_Fom>
   <Id_Fom>30</Id_Fom>
   <Id_Fom>31</Id_Fom>
   <Id_Fom>20</Id_Fom>
   <Id_Fom>27</Id_Fom>
   <Id_Fom>29</Id_Fom>  
</List_Id_Fom>
<List_Jmsg_Fom01>
   <Id_Label_Sublabel>
      <Id_Label>0</Id_Label>
      <Sublabel>0</Sublabel>
   </Id_Label_Sublabel>
   <Id_Label_Sublabel>
      <Id_Label>0</Id_Label>
      <Sublabel>1</Sublabel>
   </Id_Label_Sublabel>
   <Id_Label_Sublabel>
      <Id_Label>0</Id_Label>
      <Sublabel>2</Sublabel>
   </Id_Label_Sublabel>
   <Id_Label_Sublabel>
      <Id_Label>0</Id_Label>
      <Sublabel>3</Sublabel>
   </Id_Label_Sublabel>
   <Id_Label_Sublabel>
      <Id_Label>0</Id_Label>
      <Sublabel>4</Sublabel>
   </Id_Label_Sublabel>      
   <Id_Label_Sublabel>
      <Id_Label>0</Id_Label>
      <Sublabel>5</Sublabel>
   </Id_Label_Sublabel>
   <Id_Label_Sublabel>
      <Id_Label>0</Id_Label>
      <Sublabel>6</Sublabel>
   </Id_Label_Sublabel>
   <Id_Label_Sublabel>
      <Id_Label>0</Id_Label>
      <Sublabel>7</Sublabel>
   </Id_Label_Sublabel>
   <Id_Label_Sublabel>
      <Id_Label>1</Id_Label>
      <Sublabel>0</Sublabel>
   </Id_Label_Sublabel>
   <Id_Label_Sublabel>
      <Id_Label>1</Id_Label>
      <Sublabel>1</Sublabel>
   </Id_Label_Sublabel>
   <Id_Label_Sublabel>
      <Id_Label>1</Id_Label>
      <Sublabel>2</Sublabel>
   </Id_Label_Sublabel>
   <Id_Label_Sublabel>
      <Id_Label>1</Id_Label>
      <Sublabel>3</Sublabel>
   </Id_Label_Sublabel>
   <Id_Label_Sublabel>
      <Id_Label>1</Id_Label>
      <Sublabel>4</Sublabel>
   </Id_Label_Sublabel>
   <Id_Label_Sublabel>
      <Id_Label>1</Id_Label>
      <Sublabel>5</Sublabel>
   </Id_Label_Sublabel>
   <Id_Label_Sublabel>
      <Id_Label>1</Id_Label>
      <Sublabel>6</Sublabel>
   </Id_Label_Sublabel>
   <Id_Label_Sublabel>
      <Id_Label>2</Id_Label>
      <Sublabel>0</Sublabel>
   </Id_Label_Sublabel>
   <Id_Label_Sublabel>
      <Id_Label>2</Id_Label>
      <Sublabel>2</Sublabel>
   </Id_Label_Sublabel>
   <Id_Label_Sublabel>
      <Id_Label>2</Id_Label>
      <Sublabel>3</Sublabel>
   </Id_Label_Sublabel>
   <Id_Label_Sublabel>
      <Id_Label>2</Id_Label>
      <Sublabel>4</Sublabel>
   </Id_Label_Sublabel>
   <Id_Label_Sublabel>
      <Id_Label>2</Id_Label>
      <Sublabel>5</Sublabel>
   </Id_Label_Sublabel>
   <Id_Label_Sublabel>
      <Id_Label>2</Id_Label>
      <Sublabel>6</Sublabel>
   </Id_Label_Sublabel>
   <Id_Label_Sublabel>
      <Id_Label>3</Id_Label>
      <Sublabel>0</Sublabel>
   </Id_Label_Sublabel>
   <Id_Label_Sublabel>
      <Id_Label>3</Id_Label>
      <Sublabel>1</Sublabel>
   </Id_Label_Sublabel>
   <Id_Label_Sublabel>
      <Id_Label>3</Id_Label>
      <Sublabel>2</Sublabel>
   </Id_Label_Sublabel>
   <Id_Label_Sublabel>
      <Id_Label>3</Id_Label>
      <Sublabel>3</Sublabel>
   </Id_Label_Sublabel>
   <Id_Label_Sublabel>
      <Id_Label>3</Id_Label>
      <Sublabel>4</Sublabel>
   </Id_Label_Sublabel>
   <Id_Label_Sublabel>
      <Id_Label>3</Id_Label>
      <Sublabel>5</Sublabel>
   </Id_Label_Sublabel>
   <Id_Label_Sublabel>
      <Id_Label>3</Id_Label>
      <Sublabel>6</Sublabel>
   </Id_Label_Sublabel>
   <Id_Label_Sublabel>
      <Id_Label>3</Id_Label>
      <Sublabel>7</Sublabel>
   </Id_Label_Sublabel>
   <Id_Label_Sublabel>
      <Id_Label>5</Id_Label>
      <Sublabel>4</Sublabel>
   </Id_Label_Sublabel>
   <Id_Label_Sublabel>
      <Id_Label>6</Id_Label>
      <Sublabel>0</Sublabel>
   </Id_Label_Sublabel>
   <Id_Label_Sublabel>
      <Id_Label>7</Id_Label>
      <Sublabel>0</Sublabel>
   </Id_Label_Sublabel>
   <Id_Label_Sublabel>
      <Id_Label>7</Id_Label>
      <Sublabel>1</Sublabel>
   </Id_Label_Sublabel>
   <Id_Label_Sublabel>
      <Id_Label>7</Id_Label>
      <Sublabel>2</Sublabel>
   </Id_Label_Sublabel>
   <Id_Label_Sublabel>
      <Id_Label>7</Id_Label>
      <Sublabel>3</Sublabel>
   </Id_Label_Sublabel>
   <Id_Label_Sublabel>
      <Id_Label>7</Id_Label>
      <Sublabel>4</Sublabel>
   </Id_Label_Sublabel>
   <Id_Label_Sublabel>
      <Id_Label>7</Id_Label>
      <Sublabel>5</Sublabel>
   </Id_Label_Sublabel>
   <Id_Label_Sublabel>
      <Id_Label>7</Id_Label>
      <Sublabel>6</Sublabel>
   </Id_Label_Sublabel>
   <Id_Label_Sublabel>
      <Id_Label>7</Id_Label>
      <Sublabel>7</Sublabel>
   </Id_Label_Sublabel>
   <Id_Label_Sublabel>
      <Id_Label>8</Id_Label>
      <Sublabel>0</Sublabel>
   </Id_Label_Sublabel>
   <Id_Label_Sublabel>
      <Id_Label>8</Id_Label>
      <Sublabel>1</Sublabel>
   </Id_Label_Sublabel>
   <Id_Label_Sublabel>
      <Id_Label>9</Id_Label>
      <Sublabel>0</Sublabel>
   </Id_Label_Sublabel>
   <Id_Label_Sublabel>
      <Id_Label>9</Id_Label>
      <Sublabel>2</Sublabel>
   </Id_Label_Sublabel>
   <Id_Label_Sublabel>
      <Id_Label>10</Id_Label>
      <Sublabel>2</Sublabel>
   </Id_Label_Sublabel>
   <Id_Label_Sublabel>
      <Id_Label>10</Id_Label>
      <Sublabel>3</Sublabel>
   </Id_Label_Sublabel>
   <Id_Label_Sublabel>
      <Id_Label>10</Id_Label>
      <Sublabel>5</Sublabel>
   </Id_Label_Sublabel>
   <Id_Label_Sublabel>
      <Id_Label>10</Id_Label>
      <Sublabel>6</Sublabel>
   </Id_Label_Sublabel>
   <Id_Label_Sublabel>
      <Id_Label>12</Id_Label>
      <Sublabel>0</Sublabel>
   </Id_Label_Sublabel>
   <Id_Label_Sublabel>
      <Id_Label>12</Id_Label>
      <Sublabel>1</Sublabel>
   </Id_Label_Sublabel>
   <Id_Label_Sublabel>
      <Id_Label>12</Id_Label>
      <Sublabel>2</Sublabel>
   </Id_Label_Sublabel>
   <Id_Label_Sublabel>
      <Id_Label>12</Id_Label>
      <Sublabel>3</Sublabel>
   </Id_Label_Sublabel>
   <Id_Label_Sublabel>
      <Id_Label>12</Id_Label>
      <Sublabel>4</Sublabel>
   </Id_Label_Sublabel>
   <Id_Label_Sublabel>
      <Id_Label>12</Id_Label>
      <Sublabel>5</Sublabel>
   </Id_Label_Sublabel>
   <Id_Label_Sublabel>
      <Id_Label>12</Id_Label>
      <Sublabel>6</Sublabel>
   </Id_Label_Sublabel>
   <Id_Label_Sublabel>
      <Id_Label>12</Id_Label>
      <Sublabel>7</Sublabel>
   </Id_Label_Sublabel>
   <Id_Label_Sublabel>
      <Id_Label>13</Id_Label>
      <Sublabel>0</Sublabel>
   </Id_Label_Sublabel>
   <Id_Label_Sublabel>
      <Id_Label>13</Id_Label>
      <Sublabel>2</Sublabel>
   </Id_Label_Sublabel>
   <Id_Label_Sublabel>
      <Id_Label>13</Id_Label>
      <Sublabel>3</Sublabel>
   </Id_Label_Sublabel>
   <Id_Label_Sublabel>
      <Id_Label>13</Id_Label>
      <Sublabel>5</Sublabel>
   </Id_Label_Sublabel>
   <Id_Label_Sublabel>
      <Id_Label>14</Id_Label>
      <Sublabel>0</Sublabel>
   </Id_Label_Sublabel>
   <Id_Label_Sublabel>
      <Id_Label>14</Id_Label>
      <Sublabel>2</Sublabel>
   </Id_Label_Sublabel>
   <Id_Label_Sublabel>
      <Id_Label>15</Id_Label>
      <Sublabel>0</Sublabel>
   </Id_Label_Sublabel>
   <Id_Label_Sublabel>
      <Id_Label>28</Id_Label>
      <Sublabel>0</Sublabel>
   </Id_Label_Sublabel>
   <Id_Label_Sublabel>
      <Id_Label>28</Id_Label>
      <Sublabel>1</Sublabel>
   </Id_Label_Sublabel>
   <Id_Label_Sublabel>
      <Id_Label>28</Id_Label>
      <Sublabel>2</Sublabel>
   </Id_Label_Sublabel>
   <Id_Label_Sublabel>
      <Id_Label>28</Id_Label>
      <Sublabel>3</Sublabel>
   </Id_Label_Sublabel>
   <Id_Label_Sublabel>
      <Id_Label>28</Id_Label>
      <Sublabel>4</Sublabel>
   </Id_Label_Sublabel>
   <Id_Label_Sublabel>
      <Id_Label>28</Id_Label>
      <Sublabel>5</Sublabel>
   </Id_Label_Sublabel>
   <Id_Label_Sublabel>
      <Id_Label>28</Id_Label>
      <Sublabel>6</Sublabel>
   </Id_Label_Sublabel>
   <Id_Label_Sublabel>
      <Id_Label>28</Id_Label>
      <Sublabel>7</Sublabel>
   </Id_Label_Sublabel>
   <Id_Label_Sublabel>
      <Id_Label>29</Id_Label>
      <Sublabel>0</Sublabel>
   </Id_Label_Sublabel>
   <Id_Label_Sublabel>
      <Id_Label>31</Id_Label>
      <Sublabel>0</Sublabel>
   </Id_Label_Sublabel>
   <Id_Label_Sublabel>
      <Id_Label>31</Id_Label>
      <Sublabel>1</Sublabel>
   </Id_Label_Sublabel>
</List_Jmsg_Fom01>
<List_Id_Sd_Umf_Fom16>
 <Id_Sd_Umf>
        <Id_Sd>0</Id_Sd>
        <Id_Umf>0</Id_Umf>
 </Id_Sd_Umf>
 <Id_Sd_Umf>
        <Id_Sd>0</Id_Sd>
        <Id_Umf>15</Id_Umf>
 </Id_Sd_Umf>
 <Id_Sd_Umf>
        <Id_Sd>7</Id_Sd>
        <Id_Umf>0</Id_Umf>
 </Id_Sd_Umf>
 <Id_Sd_Umf>
        <Id_Sd>7</Id_Sd>
        <Id_Umf>1</Id_Umf>
 </Id_Sd_Umf>
 <Id_Sd_Umf>
        <Id_Sd>7</Id_Sd>
        <Id_Umf>6</Id_Umf>
 </Id_Sd_Umf>
 <Id_Sd_Umf>
        <Id_Sd>1</Id_Sd>
        <Id_Umf>1</Id_Umf>
 </Id_Sd_Umf>
 <Id_Sd_Umf>
        <Id_Sd>1</Id_Sd>
        <Id_Umf>2</Id_Umf>
 </Id_Sd_Umf>
 <Id_Sd_Umf>
        <Id_Sd>1</Id_Sd>
        <Id_Umf>3</Id_Umf>
 </Id_Sd_Umf>
 <Id_Sd_Umf>
        <Id_Sd>1</Id_Sd>
        <Id_Umf>4</Id_Umf>
 </Id_Sd_Umf>
 <Id_Sd_Umf>
        <Id_Sd>1</Id_Sd>
        <Id_Umf>5</Id_Umf>
 </Id_Sd_Umf>
 <Id_Sd_Umf>
        <Id_Sd>1</Id_Sd>
        <Id_Umf>6</Id_Umf>
 </Id_Sd_Umf>
 <Id_Sd_Umf>
        <Id_Sd>1</Id_Sd>
        <Id_Umf>7</Id_Umf>
 </Id_Sd_Umf>
 <Id_Sd_Umf>
        <Id_Sd>1</Id_Sd>
        <Id_Umf>8</Id_Umf>
 </Id_Sd_Umf>
 <Id_Sd_Umf>
        <Id_Sd>1</Id_Sd>
        <Id_Umf>9</Id_Umf>
 </Id_Sd_Umf>
</List_Id_Sd_Umf_Fom16>
<!-- PPLI INITIALIZATION -->
<PPLI
	PPLI_TYPE="%T201%"
	PPLI_ENV="%T202%"
	EXERCISE_INDICATOR="%T203%"
	FORCE_TELL_INDICATOR="%T204%"
	EMERGENCY_INDICATOR="%T205%"
	COMMAND_AND_CONTROL_INDICATOR="%T206%"
	SIMULATION_INDICATOR="%T207%"
	ACTIVE_RELAY_INDICATOR_WIDE_AREA_NETWORK="%T208%"
	RTT_REPLY_STATUS_INDICATOR="%T209%"
	TIME_QUALITY="%T210%"
	GEODETIC_POSITION_QUALITY="%T211%"
	STRENGTH="%T212%"
	ELEVATION="%T213%"
	MISSION_CORRELATOR="%T214%"
	ELEVATION_QUALITY="%T215%"
	LATITUDE="%T216%"
	LONGITUDE="%T217%"
	VOICE_CALL_SIGN_INDICATOR="%T218%"
	VOICE_CALL_SIGN="%T219%"
	PLATFORM="%T220%"
	PLATFORM_ACTIVITY="%T221%"
	VOICE_FREQUENCY_CHANNEL="%T222%"
	CONTROL_CHANNEL="%T223%"
	ACTIVE_RELAY_INDICATOR_VOICE_CHANNEL="%T224%"
	ACTIVE_RELAY_INDICATOR_CONTROL_CHANNEL="%T225%"
/>
</midsRegistration>
