<?xml version="1.0" encoding="UTF-8" ?>
<midsRegistration>
<User_Identifier>1</User_Identifier>
<Free_Text_Reg>Demande_Enregistrement_FT</Free_Text_Reg>
<List_Id_Fim>
   <Id_Fim>1</Id_Fim>
   <Id_Fim>2</Id_Fim>
   <Id_Fim>3</Id_Fim>
   <Id_Fim>5</Id_Fim>
   <Id_Fim>6</Id_Fim>
   <Id_Fim>7</Id_Fim>
   <Id_Fim>8</Id_Fim>
   <Id_Fim>9</Id_Fim>
   <Id_Fim>11</Id_Fim>
   <Id_Fim>14</Id_Fim>
   <Id_Fim>21</Id_Fim>
</List_Id_Fim>
<List_Id_Fom>
   <Id_Fom>1</Id_Fom>
   <Id_Fom>2</Id_Fom>
   <Id_Fom>3</Id_Fom>
   <Id_Fom>4</Id_Fom>
   <Id_Fom>5</Id_Fom>
   <Id_Fom>6</Id_Fom>
   <Id_Fom>7</Id_Fom>
   <Id_Fom>10</Id_Fom>
   <Id_Fom>11</Id_Fom>
   <Id_Fom>12</Id_Fom>
   <Id_Fom>13</Id_Fom>
   <Id_Fom>14</Id_Fom>
   <Id_Fom>15</Id_Fom>
   <Id_Fom>16</Id_Fom>
   <Id_Fom>18</Id_Fom>
   <Id_Fom>25</Id_Fom>
   <Id_Fom>26</Id_Fom>
   <Id_Fom>30</Id_Fom>
   <Id_Fom>31</Id_Fom>
   <Id_Fom>20</Id_Fom>
   <Id_Fom>27</Id_Fom>
   <Id_Fom>29</Id_Fom>  
</List_Id_Fom>
<List_Jmsg_Fom01>
   <Id_Label_Sublabel>
      <Id_Label>0</Id_Label>
      <Sublabel>0</Sublabel>
   </Id_Label_Sublabel>
   <Id_Label_Sublabel>
      <Id_Label>0</Id_Label>
      <Sublabel>1</Sublabel>
   </Id_Label_Sublabel>
   <Id_Label_Sublabel>
      <Id_Label>0</Id_Label>
      <Sublabel>2</Sublabel>
   </Id_Label_Sublabel>
   <Id_Label_Sublabel>
      <Id_Label>0</Id_Label>
      <Sublabel>3</Sublabel>
   </Id_Label_Sublabel>
   <Id_Label_Sublabel>
      <Id_Label>0</Id_Label>
      <Sublabel>4</Sublabel>
   </Id_Label_Sublabel>      
   <Id_Label_Sublabel>
      <Id_Label>0</Id_Label>
      <Sublabel>5</Sublabel>
   </Id_Label_Sublabel>
   <Id_Label_Sublabel>
      <Id_Label>0</Id_Label>
      <Sublabel>6</Sublabel>
   </Id_Label_Sublabel>
   <Id_Label_Sublabel>
      <Id_Label>0</Id_Label>
      <Sublabel>7</Sublabel>
   </Id_Label_Sublabel>
   <Id_Label_Sublabel>
      <Id_Label>1</Id_Label>
      <Sublabel>0</Sublabel>
   </Id_Label_Sublabel>
   <Id_Label_Sublabel>
      <Id_Label>1</Id_Label>
      <Sublabel>1</Sublabel>
   </Id_Label_Sublabel>
   <Id_Label_Sublabel>
      <Id_Label>1</Id_Label>
      <Sublabel>2</Sublabel>
   </Id_Label_Sublabel>
   <Id_Label_Sublabel>
      <Id_Label>1</Id_Label>
      <Sublabel>3</Sublabel>
   </Id_Label_Sublabel>
   <Id_Label_Sublabel>
      <Id_Label>1</Id_Label>
      <Sublabel>4</Sublabel>
   </Id_Label_Sublabel>
   <Id_Label_Sublabel>
      <Id_Label>1</Id_Label>
      <Sublabel>5</Sublabel>
   </Id_Label_Sublabel>
   <Id_Label_Sublabel>
      <Id_Label>1</Id_Label>
      <Sublabel>6</Sublabel>
   </Id_Label_Sublabel>
   <Id_Label_Sublabel>
      <Id_Label>2</Id_Label>
      <Sublabel>0</Sublabel>
   </Id_Label_Sublabel>
   <Id_Label_Sublabel>
      <Id_Label>2</Id_Label>
      <Sublabel>2</Sublabel>
   </Id_Label_Sublabel>
   <Id_Label_Sublabel>
      <Id_Label>2</Id_Label>
      <Sublabel>3</Sublabel>
   </Id_Label_Sublabel>
   <Id_Label_Sublabel>
      <Id_Label>2</Id_Label>
      <Sublabel>4</Sublabel>
   </Id_Label_Sublabel>
   <Id_Label_Sublabel>
      <Id_Label>2</Id_Label>
      <Sublabel>5</Sublabel>
   </Id_Label_Sublabel>
   <Id_Label_Sublabel>
      <Id_Label>2</Id_Label>
      <Sublabel>6</Sublabel>
   </Id_Label_Sublabel>
   <Id_Label_Sublabel>
      <Id_Label>3</Id_Label>
      <Sublabel>0</Sublabel>
   </Id_Label_Sublabel>
   <Id_Label_Sublabel>
      <Id_Label>3</Id_Label>
      <Sublabel>1</Sublabel>
   </Id_Label_Sublabel>
   <Id_Label_Sublabel>
      <Id_Label>3</Id_Label>
      <Sublabel>2</Sublabel>
   </Id_Label_Sublabel>
   <Id_Label_Sublabel>
      <Id_Label>3</Id_Label>
      <Sublabel>3</Sublabel>
   </Id_Label_Sublabel>
   <Id_Label_Sublabel>
      <Id_Label>3</Id_Label>
      <Sublabel>4</Sublabel>
   </Id_Label_Sublabel>
   <Id_Label_Sublabel>
      <Id_Label>3</Id_Label>
      <Sublabel>5</Sublabel>
   </Id_Label_Sublabel>
   <Id_Label_Sublabel>
      <Id_Label>3</Id_Label>
      <Sublabel>6</Sublabel>
   </Id_Label_Sublabel>
   <Id_Label_Sublabel>
      <Id_Label>3</Id_Label>
      <Sublabel>7</Sublabel>
   </Id_Label_Sublabel>
   <Id_Label_Sublabel>
      <Id_Label>5</Id_Label>
      <Sublabel>4</Sublabel>
   </Id_Label_Sublabel>
   <Id_Label_Sublabel>
      <Id_Label>6</Id_Label>
      <Sublabel>0</Sublabel>
   </Id_Label_Sublabel>
   <Id_Label_Sublabel>
      <Id_Label>7</Id_Label>
      <Sublabel>0</Sublabel>
   </Id_Label_Sublabel>
   <Id_Label_Sublabel>
      <Id_Label>7</Id_Label>
      <Sublabel>1</Sublabel>
   </Id_Label_Sublabel>
   <Id_Label_Sublabel>
      <Id_Label>7</Id_Label>
      <Sublabel>2</Sublabel>
   </Id_Label_Sublabel>
   <Id_Label_Sublabel>
      <Id_Label>7</Id_Label>
      <Sublabel>3</Sublabel>
   </Id_Label_Sublabel>
   <Id_Label_Sublabel>
      <Id_Label>7</Id_Label>
      <Sublabel>4</Sublabel>
   </Id_Label_Sublabel>
   <Id_Label_Sublabel>
      <Id_Label>7</Id_Label>
      <Sublabel>5</Sublabel>
   </Id_Label_Sublabel>
   <Id_Label_Sublabel>
      <Id_Label>7</Id_Label>
      <Sublabel>6</Sublabel>
   </Id_Label_Sublabel>
   <Id_Label_Sublabel>
      <Id_Label>7</Id_Label>
      <Sublabel>7</Sublabel>
   </Id_Label_Sublabel>
   <Id_Label_Sublabel>
      <Id_Label>8</Id_Label>
      <Sublabel>0</Sublabel>
   </Id_Label_Sublabel>
   <Id_Label_Sublabel>
      <Id_Label>8</Id_Label>
      <Sublabel>1</Sublabel>
   </Id_Label_Sublabel>
   <Id_Label_Sublabel>
      <Id_Label>9</Id_Label>
      <Sublabel>0</Sublabel>
   </Id_Label_Sublabel>
   <Id_Label_Sublabel>
      <Id_Label>9</Id_Label>
      <Sublabel>2</Sublabel>
   </Id_Label_Sublabel>
   <Id_Label_Sublabel>
      <Id_Label>10</Id_Label>
      <Sublabel>2</Sublabel>
   </Id_Label_Sublabel>
   <Id_Label_Sublabel>
      <Id_Label>10</Id_Label>
      <Sublabel>3</Sublabel>
   </Id_Label_Sublabel>
   <Id_Label_Sublabel>
      <Id_Label>10</Id_Label>
      <Sublabel>5</Sublabel>
   </Id_Label_Sublabel>
   <Id_Label_Sublabel>
      <Id_Label>10</Id_Label>
      <Sublabel>6</Sublabel>
   </Id_Label_Sublabel>
   <Id_Label_Sublabel>
      <Id_Label>12</Id_Label>
      <Sublabel>0</Sublabel>
   </Id_Label_Sublabel>
   <Id_Label_Sublabel>
      <Id_Label>12</Id_Label>
      <Sublabel>1</Sublabel>
   </Id_Label_Sublabel>
   <Id_Label_Sublabel>
      <Id_Label>12</Id_Label>
      <Sublabel>2</Sublabel>
   </Id_Label_Sublabel>
   <Id_Label_Sublabel>
      <Id_Label>12</Id_Label>
      <Sublabel>3</Sublabel>
   </Id_Label_Sublabel>
   <Id_Label_Sublabel>
      <Id_Label>12</Id_Label>
      <Sublabel>4</Sublabel>
   </Id_Label_Sublabel>
   <Id_Label_Sublabel>
      <Id_Label>12</Id_Label>
      <Sublabel>5</Sublabel>
   </Id_Label_Sublabel>
   <Id_Label_Sublabel>
      <Id_Label>12</Id_Label>
      <Sublabel>6</Sublabel>
   </Id_Label_Sublabel>
   <Id_Label_Sublabel>
      <Id_Label>12</Id_Label>
      <Sublabel>7</Sublabel>
   </Id_Label_Sublabel>
   <Id_Label_Sublabel>
      <Id_Label>13</Id_Label>
      <Sublabel>0</Sublabel>
   </Id_Label_Sublabel>
   <Id_Label_Sublabel>
      <Id_Label>13</Id_Label>
      <Sublabel>2</Sublabel>
   </Id_Label_Sublabel>
   <Id_Label_Sublabel>
      <Id_Label>13</Id_Label>
      <Sublabel>3</Sublabel>
   </Id_Label_Sublabel>
   <Id_Label_Sublabel>
      <Id_Label>13</Id_Label>
      <Sublabel>5</Sublabel>
   </Id_Label_Sublabel>
   <Id_Label_Sublabel>
      <Id_Label>14</Id_Label>
      <Sublabel>0</Sublabel>
   </Id_Label_Sublabel>
   <Id_Label_Sublabel>
      <Id_Label>14</Id_Label>
      <Sublabel>2</Sublabel>
   </Id_Label_Sublabel>
   <Id_Label_Sublabel>
      <Id_Label>15</Id_Label>
      <Sublabel>0</Sublabel>
   </Id_Label_Sublabel>
   <Id_Label_Sublabel>
      <Id_Label>28</Id_Label>
      <Sublabel>0</Sublabel>
   </Id_Label_Sublabel>
   <Id_Label_Sublabel>
      <Id_Label>28</Id_Label>
      <Sublabel>1</Sublabel>
   </Id_Label_Sublabel>
   <Id_Label_Sublabel>
      <Id_Label>28</Id_Label>
      <Sublabel>2</Sublabel>
   </Id_Label_Sublabel>
   <Id_Label_Sublabel>
      <Id_Label>28</Id_Label>
      <Sublabel>3</Sublabel>
   </Id_Label_Sublabel>
   <Id_Label_Sublabel>
      <Id_Label>28</Id_Label>
      <Sublabel>4</Sublabel>
   </Id_Label_Sublabel>
   <Id_Label_Sublabel>
      <Id_Label>28</Id_Label>
      <Sublabel>5</Sublabel>
   </Id_Label_Sublabel>
   <Id_Label_Sublabel>
      <Id_Label>28</Id_Label>
      <Sublabel>6</Sublabel>
   </Id_Label_Sublabel>
   <Id_Label_Sublabel>
      <Id_Label>28</Id_Label>
      <Sublabel>7</Sublabel>
   </Id_Label_Sublabel>
   <Id_Label_Sublabel>
      <Id_Label>29</Id_Label>
      <Sublabel>0</Sublabel>
   </Id_Label_Sublabel>
   <Id_Label_Sublabel>
      <Id_Label>31</Id_Label>
      <Sublabel>0</Sublabel>
   </Id_Label_Sublabel>
   <Id_Label_Sublabel>
      <Id_Label>31</Id_Label>
      <Sublabel>1</Sublabel>
   </Id_Label_Sublabel>
</List_Jmsg_Fom01>
<List_Id_Sd_Umf_Fom16>
 <Id_Sd_Umf>
        <Id_Sd>0</Id_Sd>
        <Id_Umf>0</Id_Umf>
 </Id_Sd_Umf>
 <Id_Sd_Umf>
        <Id_Sd>0</Id_Sd>
        <Id_Umf>15</Id_Umf>
 </Id_Sd_Umf>
 <Id_Sd_Umf>
        <Id_Sd>7</Id_Sd>
        <Id_Umf>0</Id_Umf>
 </Id_Sd_Umf>
 <Id_Sd_Umf>
        <Id_Sd>7</Id_Sd>
        <Id_Umf>1</Id_Umf>
 </Id_Sd_Umf>
 <Id_Sd_Umf>
        <Id_Sd>7</Id_Sd>
        <Id_Umf>6</Id_Umf>
 </Id_Sd_Umf>
 <Id_Sd_Umf>
        <Id_Sd>1</Id_Sd>
        <Id_Umf>1</Id_Umf>
 </Id_Sd_Umf>
 <Id_Sd_Umf>
        <Id_Sd>1</Id_Sd>
        <Id_Umf>2</Id_Umf>
 </Id_Sd_Umf>
 <Id_Sd_Umf>
        <Id_Sd>1</Id_Sd>
        <Id_Umf>3</Id_Umf>
 </Id_Sd_Umf>
 <Id_Sd_Umf>
        <Id_Sd>1</Id_Sd>
        <Id_Umf>4</Id_Umf>
 </Id_Sd_Umf>
 <Id_Sd_Umf>
        <Id_Sd>1</Id_Sd>
        <Id_Umf>5</Id_Umf>
 </Id_Sd_Umf>
 <Id_Sd_Umf>
        <Id_Sd>1</Id_Sd>
        <Id_Umf>6</Id_Umf>
 </Id_Sd_Umf>
 <Id_Sd_Umf>
        <Id_Sd>1</Id_Sd>
        <Id_Umf>7</Id_Umf>
 </Id_Sd_Umf>
 <Id_Sd_Umf>
        <Id_Sd>1</Id_Sd>
        <Id_Umf>8</Id_Umf>
 </Id_Sd_Umf>
 <Id_Sd_Umf>
        <Id_Sd>1</Id_Sd>
        <Id_Umf>9</Id_Umf>
 </Id_Sd_Umf>
</List_Id_Sd_Umf_Fom16>
<!-- PPLI INITIALIZATION -->
<PPLI
	PPLI_TYPE="DLP"
	PPLI_ENV="LAND"
	EXERCISE_INDICATOR="0"
	FORCE_TELL_INDICATOR="0"
	EMERGENCY_INDICATOR="0"
	COMMAND_AND_CONTROL_INDICATOR="1"
	SIMULATION_INDICATOR="0"
	ACTIVE_RELAY_INDICATOR_WIDE_AREA_NETWORK="0"
	RTT_REPLY_STATUS_INDICATOR="0"
	TIME_QUALITY="10"
	GEODETIC_POSITION_QUALITY="0"
	STRENGTH="1"
	ELEVATION="100"
	MISSION_CORRELATOR="0"
	ELEVATION_QUALITY="10"
	LATITUDE="43.891"
	LONGITUDE="-0.499"
	VOICE_CALL_SIGN_INDICATOR="1"
	VOICE_CALL_SIGN="MINT"
	PLATFORM="3"
	PLATFORM_ACTIVITY="30"
	VOICE_FREQUENCY_CHANNEL="10"
	CONTROL_CHANNEL="53"
	ACTIVE_RELAY_INDICATOR_VOICE_CHANNEL="0"
	ACTIVE_RELAY_INDICATOR_CONTROL_CHANNEL="0"
/>
</midsRegistration>
