Chrono;Time;MIDS Status;DLIP Saturation;TDH079
53.49;00:00:53.490;0,5;0;0,5
53.49;00:00:53.490;;;;40
53.52;00:00:53.520;0,5;0;0,5
53.52;00:00:53.520;;;;67
53.55;00:00:53.550;0,5;0;0,5
53.55;00:00:53.550;;;;49
53.58;00:00:53.580;0,5;0;0,5
53.58;00:00:53.580;;;;79
53.61;00:00:53.610;0,5;0;0,5
53.61;00:00:53.610;;;;108
53.63;00:00:53.630;0,5;0;0,5
53.63;00:00:53.630;;;;127
53.66;00:00:53.660;0,5;0;0,5
53.66;00:00:53.660;;;;130
53.68;00:00:53.680;0,5;0;0,5
53.68;00:00:53.680;;;;148
54.11;00:00:54.110;0,5;0;0,5
54.11;00:00:54.110;;;;30
54.11;00:00:54.110;0,5;0;0,5
54.11;00:00:54.110;;;;30
54.14;00:00:54.140;0,5;0;0,5
54.14;00:00:54.140;;;;59
54.14;00:00:54.140;0,5;0;0,5
54.14;00:00:54.140;;;;59
54.21;00:00:54.210;0,5;0;0,5
54.21;00:00:54.210;;;;127
54.74;00:00:54.740;0,5;0;0,5
54.74;00:00:54.740;;;;23
54.74;00:00:54.740;0,5;0;0,5
54.74;00:00:54.740;;;;23
54.76;00:00:54.760;0,5;0;0,5
54.76;00:00:54.760;;;;41
54.76;00:00:54.760;0,5;0;0,5
54.76;00:00:54.760;;;;42
54.84;00:00:54.840;0,5;0;0,5
54.84;00:00:54.840;;;;120
54.84;00:00:54.840;0,5;0;0,5
54.84;00:00:54.840;;;;121
54.89;00:00:54.890;0,5;0;0,5
54.89;00:00:54.890;;;;169
54.89;00:00:54.890;0,5;0;0,5
54.89;00:00:54.890;;;;169
54.92;00:00:54.920;0,5;0;0,5
54.92;00:00:54.920;;;;198
54.92;00:00:54.920;0,5;0;0,5
54.92;00:00:54.920;;;;198
55.00;00:00:55.000;0,5;0;0,5
55.00;00:00:55.000;;;;276
55.00;00:00:55.000;0,5;0;0,5
55.00;00:00:55.000;;;;277
55.03;00:00:55.030;0,5;0;0,5
55.03;00:00:55.030;;;;305
55.03;00:00:55.030;0,5;0;0,5
55.03;00:00:55.030;;;;305
55.10;00:00:55.100;0,5;0;0,5
55.10;00:00:55.100;;;;374
55.10;00:00:55.100;0,5;0;0,5
55.10;00:00:55.100;;;;374
55.16;00:00:55.160;0,5;0;0,5
55.16;00:00:55.160;;;;432
55.16;00:00:55.160;0,5;0;0,5
55.16;00:00:55.160;;;;433
55.20;00:00:55.200;0,5;0;0,5
55.20;00:00:55.200;;;;471
55.20;00:00:55.200;0,5;0;0,5
55.20;00:00:55.200;;;;472
55.23;00:00:55.230;0,5;0;0,5
55.23;00:00:55.230;;;;500
55.23;00:00:55.230;0,5;0;0,5
55.23;00:00:55.230;;;;500
55.31;00:00:55.310;0,5;0;0,5
55.31;00:00:55.310;;;;579
55.31;00:00:55.310;0,5;0;0,5
55.31;00:00:55.310;;;;579
55.36;00:00:55.360;0,5;0;0,5
55.36;00:00:55.360;;;;627
55.36;00:00:55.360;0,5;0;0,5
55.36;00:00:55.360;;;;628
55.38;00:00:55.380;0,5;0;0,5
55.38;00:00:55.380;;;;646
55.38;00:00:55.380;0,5;0;0,5
55.38;00:00:55.380;;;;438
55.41;00:00:55.410;0,5;0;0,5
55.41;00:00:55.410;;;;465
55.41;00:00:55.410;0,5;0;0,5
55.41;00:00:55.410;;;;61
55.50;00:00:55.500;0,5;0;0,5
55.50;00:00:55.500;;;;149
55.50;00:00:55.500;0,5;0;0,5
55.50;00:00:55.500;;;;150
55.53;00:00:55.530;0,5;0;0,5
55.53;00:00:55.530;;;;177
55.53;00:00:55.530;0,5;0;0,5
55.53;00:00:55.530;;;;177
55.61;00:00:55.610;0,5;0;0,5
55.61;00:00:55.610;;;;256
55.61;00:00:55.610;0,5;0;0,5
55.61;00:00:55.610;;;;229
55.64;00:00:55.640;0,5;0;0,5
55.64;00:00:55.640;;;;257
55.67;00:00:55.670;0,5;0;0,5
55.67;00:00:55.670;;;;286
55.69;00:00:55.690;0,5;0;0,5
55.69;00:00:55.690;;;;306
55.71;00:00:55.710;0,5;0;0,5
55.71;00:00:55.710;;;;325
55.71;00:00:55.710;0,5;0;0,5
55.71;00:00:55.710;;;;325
55.73;00:00:55.730;0,5;0;0,5
55.73;00:00:55.730;;;;344
55.79;00:00:55.790;0,5;0;0,5
55.79;00:00:55.790;;;;403
55.82;00:00:55.820;0,5;0;0,5
55.82;00:00:55.820;;;;433
55.85;00:00:55.850;0,5;0;0,5
55.85;00:00:55.850;;;;462
55.88;00:00:55.880;0,5;0;0,5
55.88;00:00:55.880;;;;491
55.91;00:00:55.910;0,5;0;0,5
55.91;00:00:55.910;;;;520
55.94;00:00:55.940;0,5;0;0,5
55.94;00:00:55.940;;;;550
55.97;00:00:55.970;0,5;0;0,5
55.97;00:00:55.970;;;;580
55.99;00:00:55.990;0,5;0;0,5
55.99;00:00:55.990;;;;598
56.02;00:00:56.020;0,5;0;0,5
56.02;00:00:56.020;;;;628
56.04;00:00:56.040;0,5;0;0,5
56.04;00:00:56.040;;;;646
56.04;00:00:56.040;0,5;0;0,5
56.04;00:00:56.040;;;;647
56.07;00:00:56.070;0,5;0;0,5
56.07;00:00:56.070;;;;676
56.12;00:00:56.120;0,5;0;0,5
56.12;00:00:56.120;;;;725
56.15;00:00:56.150;0,5;0;0,5
56.15;00:00:56.150;;;;755
56.17;00:00:56.170;0,5;0;0,5
56.17;00:00:56.170;;;;773
56.20;00:00:56.200;0,5;0;0,5
56.20;00:00:56.200;;;;803
56.23;00:00:56.230;0,5;0;0,5
56.23;00:00:56.230;;;;832
56.25;00:00:56.250;0,5;0;0,5
56.25;00:00:56.250;;;;851
56.25;00:00:56.250;0,5;0;0,5
56.25;00:00:56.250;;;;851
56.28;00:00:56.280;0,5;0;0,5
56.28;00:00:56.280;;;;880
56.33;00:00:56.330;0,5;0;0,5
56.33;00:00:56.330;;;;930
56.35;00:00:56.350;0,5;0;0,5
56.35;00:00:56.350;;;;949
56.38;00:00:56.380;0,5;0;0,5
56.38;00:00:56.380;;;;978
56.40;00:00:56.400;0,5;0;0,5
56.40;00:00:56.400;;;;998
56.40;00:00:56.400;0,5;0;0,5
56.40;00:00:56.400;;;;998
56.43;00:00:56.430;0,5;0;0,5
56.43;00:00:56.430;;;;1027
56.48;00:00:56.480;0,5;1;0,5
56.48;00:00:56.480;;;;1076
56.51;00:00:56.510;0,5;1;0,5
56.51;00:00:56.510;;;;1105
56.53;00:00:56.530;0,5;1;0,5
56.53;00:00:56.530;;;;1124
56.56;00:00:56.560;0,5;1;0,5
56.56;00:00:56.560;;;;1154
56.58;00:00:56.580;0,5;1;0,5
56.58;00:00:56.580;;;;1173
56.58;00:00:56.580;0,5;1;0,5
56.58;00:00:56.580;;;;1174
56.64;00:00:56.640;0,5;1;0,5
56.64;00:00:56.640;;;;1232
56.66;00:00:56.660;0,5;1;0,5
56.66;00:00:56.660;;;;1251
56.66;00:00:56.660;0,5;1;0,5
56.66;00:00:56.660;;;;799
56.72;00:00:56.720;0,5;1;0,5
56.72;00:00:56.720;;;;768
56.72;00:00:56.720;0,5;1;0,5
56.72;00:00:56.720;;;;769
56.78;00:00:56.780;0,5;1;0,5
56.78;00:00:56.780;;;;800
56.78;00:00:56.780;0,5;1;0,5
56.78;00:00:56.780;;;;800
56.82;00:00:56.820;0,5;1;0,5
56.82;00:00:56.820;;;;838
56.82;00:00:56.820;0,5;1;0,5
56.82;00:00:56.820;;;;838
56.85;00:00:56.850;0,5;1;0,5
56.85;00:00:56.850;;;;867
56.85;00:00:56.850;0,5;1;0,5
56.85;00:00:56.850;;;;867
56.93;00:00:56.930;0,5;1;0,5
56.93;00:00:56.930;;;;945
56.93;00:00:56.930;0,5;1;0,5
56.93;00:00:56.930;;;;946
56.99;00:00:56.990;0,5;1;0,5
56.99;00:00:56.990;;;;1004
56.99;00:00:56.990;0,5;1;0,5
56.99;00:00:56.990;;;;1005
57.05;00:00:57.050;0,5;1;0,5
57.05;00:00:57.050;;;;739
57.05;00:00:57.050;0,5;1;0,5
57.05;00:00:57.050;;;;499
57.08;00:00:57.080;0,5;1;0,5
57.08;00:00:57.080;;;;288
57.08;00:00:57.080;0,5;1;0,5
57.08;00:00:57.080;;;;51
59.76;00:00:59.760;0,5;1;0,5
59.76;00:00:59.760;;;;14
59.78;00:00:59.780;0,5;1;0,5
59.78;00:00:59.780;;;;9
60.34;00:01:0.340;0,5;0,5;1
60.41;00:01:0.409;0,5;0;0,5
60.41;00:01:0.409;;;;14
60.47;00:01:0.469;0,5;0;0,5
60.47;00:01:0.469;;;;19
60.55;00:01:0.549;0,5;0;0,5
60.55;00:01:0.549;;;;9
61.01;00:01:1.010;0,5;0;0,5
61.01;00:01:1.010;;;;29
61.04;00:01:1.040;0,5;0;0,5
61.04;00:01:1.040;;;;28
64.81;00:01:4.810;0,5;0;0,5
64.81;00:01:4.810;;;;20
64.84;00:01:4.840;0,5;0;0,5
64.84;00:01:4.840;;;;19
65.46;00:01:5.459;0,5;0;0,5
65.46;00:01:5.459;;;;20
65.52;00:01:5.520;0,5;0;0,5
65.52;00:01:5.520;;;;20
65.55;00:01:5.550;0,5;0;0,5
65.55;00:01:5.550;;;;30
65.58;00:01:5.580;0,5;0;0,5
65.58;00:01:5.580;;;;50
65.60;00:01:5.599;0,5;0;0,5
65.60;00:01:5.599;;;;50
65.63;00:01:5.630;0,5;0;0,5
65.63;00:01:5.630;;;;69
65.65;00:01:5.650;0,5;0;0,5
65.65;00:01:5.650;;;;88
65.67;00:01:5.670;0,5;0;0,5
65.67;00:01:5.670;;;;90
65.69;00:01:5.690;0,5;0;0,5
65.69;00:01:5.690;;;;79
65.69;00:01:5.690;0,5;0;0,5
65.69;00:01:5.690;;;;61
65.72;00:01:5.720;0,5;0;0,5
65.72;00:01:5.720;;;;60
65.75;00:01:5.750;0,5;0;0,5
65.75;00:01:5.750;;;;71
65.99;00:01:5.989;0,5;0;0,5
65.99;00:01:5.989;;;;8
65.99;00:01:5.989;0,5;0;0,5
65.99;00:01:5.989;;;;8
66.01;00:01:6.010;0,5;0;0,5
66.01;00:01:6.010;;;;1
66.04;00:01:6.040;0,5;0;0,5
66.04;00:01:6.040;;;;28
66.12;00:01:6.120;0,5;0;0,5
66.12;00:01:6.120;;;;10
66.12;00:01:6.120;0,5;0;0,5
66.12;00:01:6.120;;;;9
66.15;00:01:6.150;0,5;0;0,5
66.15;00:01:6.150;;;;10
66.15;00:01:6.150;0,5;0;0,5
66.15;00:01:6.150;;;;9
66.23;00:01:6.230;0,5;0;0,5
66.23;00:01:6.230;;;;20
66.75;00:01:6.750;0,5;0;0,5
66.75;00:01:6.750;;;;9
66.75;00:01:6.750;0,5;0;0,5
66.75;00:01:6.750;;;;9
66.77;00:01:6.770;0,5;0;0,5
66.77;00:01:6.770;;;;10
66.77;00:01:6.770;0,5;0;0,5
66.77;00:01:6.770;;;;10
66.86;00:01:6.860;0,5;0;0,5
66.86;00:01:6.860;;;;20
66.86;00:01:6.860;0,5;0;0,5
66.86;00:01:6.860;;;;19
66.91;00:01:6.910;0,5;0;0,5
66.91;00:01:6.910;;;;20
66.91;00:01:6.910;0,5;0;0,5
66.91;00:01:6.910;;;;20
66.93;00:01:6.930;0,5;0;0,5
66.93;00:01:6.930;;;;9
66.93;00:01:6.930;0,5;0;0,5
66.93;00:01:6.930;;;;9
67.03;00:01:7.030;0,5;0;0,5
67.03;00:01:7.030;;;;29
67.05;00:01:7.050;0,5;0;0,5
67.05;00:01:7.050;;;;20
67.05;00:01:7.050;0,5;0;0,5
67.05;00:01:7.050;;;;19
67.13;00:01:7.130;0,5;0;0,5
67.13;00:01:7.130;;;;30
67.13;00:01:7.130;0,5;0;0,5
67.13;00:01:7.130;;;;30
67.21;00:01:7.209;0,5;0;0,5
67.21;00:01:7.209;;;;50
67.21;00:01:7.209;0,5;0;0,5
67.21;00:01:7.209;;;;11
67.24;00:01:7.239;0,5;0;0,5
67.24;00:01:7.239;;;;39
67.24;00:01:7.239;0,5;0;0,5
67.24;00:01:7.239;;;;10
67.32;00:01:7.319;0,5;0;0,5
67.32;00:01:7.319;;;;89
67.32;00:01:7.319;0,5;0;0,5
67.32;00:01:7.319;;;;11
67.37;00:01:7.370;0,5;0;0,5
67.37;00:01:7.370;;;;58
67.37;00:01:7.370;0,5;0;0,5
67.37;00:01:7.370;;;;10
67.39;00:01:7.390;0,5;0;0,5
67.39;00:01:7.390;;;;29
67.39;00:01:7.390;0,5;0;0,5
67.39;00:01:7.390;;;;10
67.41;00:01:7.410;0,5;0;0,5
67.41;00:01:7.410;;;;29
67.44;00:01:7.440;0,5;0;0,5
67.44;00:01:7.440;;;;29
67.44;00:01:7.440;0,5;0;0,5
67.44;00:01:7.440;;;;29
67.56;00:01:7.560;0,5;0;0,5
67.56;00:01:7.560;;;;59
67.56;00:01:7.560;0,5;0;0,5
67.56;00:01:7.560;;;;59
67.64;00:01:7.640;0,5;0;0,5
67.64;00:01:7.640;;;;108
67.64;00:01:7.640;0,5;0;0,5
67.64;00:01:7.640;;;;30
67.67;00:01:7.670;0,5;0;0,5
67.67;00:01:7.670;;;;59
67.73;00:01:7.730;0,5;0;0,5
67.73;00:01:7.730;;;;89
67.73;00:01:7.730;0,5;0;0,5
67.73;00:01:7.730;;;;61
67.76;00:01:7.760;0,5;0;0,5
67.76;00:01:7.760;;;;69
67.81;00:01:7.810;0,5;0;0,5
67.81;00:01:7.810;;;;100
67.84;00:01:7.840;0,5;0;0,5
67.84;00:01:7.840;;;;129
67.86;00:01:7.860;0,5;0;0,5
67.86;00:01:7.860;;;;129
67.89;00:01:7.890;0,5;0;0,5
67.89;00:01:7.890;;;;99
67.91;00:01:7.910;0,5;0;0,5
67.91;00:01:7.910;;;;89
67.91;00:01:7.910;0,5;0;0,5
67.91;00:01:7.910;;;;30
67.93;00:01:7.930;0,5;0;0,5
67.93;00:01:7.930;;;;19
67.98;00:01:7.980;0,5;0;0,5
67.98;00:01:7.980;;;;9
68.01;00:01:8.010;0,5;0;0,5
68.01;00:01:8.010;;;;20
68.04;00:01:8.040;0,5;0;0,5
68.04;00:01:8.040;;;;20
68.07;00:01:8.069;0,5;0;0,5
68.07;00:01:8.069;;;;30
68.07;00:01:8.069;0,5;0;0,5
68.07;00:01:8.069;;;;29
68.15;00:01:8.150;0,5;0;0,5
68.15;00:01:8.150;;;;79
68.15;00:01:8.150;0,5;0;0,5
68.15;00:01:8.150;;;;30
68.20;00:01:8.200;0,5;0;0,5
68.20;00:01:8.200;;;;49
68.20;00:01:8.200;0,5;0;0,5
68.20;00:01:8.200;;;;30
68.23;00:01:8.230;0,5;0;0,5
68.23;00:01:8.230;;;;30
68.25;00:01:8.250;0,5;0;0,5
68.25;00:01:8.250;;;;20
68.28;00:01:8.280;0,5;0;0,5
68.28;00:01:8.280;;;;30
68.28;00:01:8.280;0,5;0;0,5
68.28;00:01:8.280;;;;29
68.39;00:01:8.390;0,5;0;0,5
68.39;00:01:8.390;;;;60
68.42;00:01:8.420;0,5;0;0,5
68.42;00:01:8.420;;;;70
68.42;00:01:8.420;0,5;0;0,5
68.42;00:01:8.420;;;;40
68.45;00:01:8.450;0,5;0;0,5
68.45;00:01:8.450;;;;50
68.51;00:01:8.510;0,5;0;0,5
68.51;00:01:8.510;;;;80
68.57;00:01:8.569;0,5;0;0,5
68.57;00:01:8.569;;;;90
68.59;00:01:8.590;0,5;0;0,5
68.59;00:01:8.590;;;;79
68.59;00:01:8.590;0,5;0;0,5
68.59;00:01:8.590;;;;30
68.65;00:01:8.650;0,5;0;0,5
68.65;00:01:8.650;;;;70
68.68;00:01:8.680;0,5;0;0,5
68.68;00:01:8.680;;;;99
68.68;00:01:8.680;0,5;0;0,5
68.68;00:01:8.680;;;;40
68.73;00:01:8.730;0,5;0;0,5
68.73;00:01:8.730;;;;69
68.73;00:01:8.730;0,5;0;0,5
68.73;00:01:8.730;;;;9
68.79;00:01:8.790;0,5;0;0,5
68.79;00:01:8.790;;;;9
68.84;00:01:8.840;0,5;0;0,5
68.84;00:01:8.840;;;;20
68.84;00:01:8.840;0,5;0;0,5
68.84;00:01:8.840;;;;20
68.87;00:01:8.870;0,5;0;0,5
68.87;00:01:8.870;;;;19
68.94;00:01:8.940;0,5;0;0,5
68.94;00:01:8.940;;;;10
68.94;00:01:8.940;0,5;0;0,5
68.94;00:01:8.940;;;;10
69.00;00:01:9.000;0,5;0;0,5
69.00;00:01:9.000;;;;8
69.79;00:01:9.790;0,5;0;0,5
69.79;00:01:9.790;;;;20
69.82;00:01:9.819;0,5;0;0,5
69.82;00:01:9.819;;;;20
70.34;00:01:10.340;0,5;0,5;0
70.45;00:01:10.450;0,5;0;0,5
70.45;00:01:10.450;;;;20
70.56;00:01:10.560;0,5;0;0,5
70.56;00:01:10.560;;;;19
70.58;00:01:10.580;0,5;0;0,5
70.58;00:01:10.580;;;;9
71.00;00:01:11.000;0,5;0;0,5
71.00;00:01:11.000;;;;24
71.03;00:01:11.030;0,5;0;0,5
71.03;00:01:11.030;;;;29
71.03;00:01:11.030;0,5;0;0,5
71.03;00:01:11.030;;;;29
71.06;00:01:11.060;0,5;0;0,5
71.06;00:01:11.060;;;;28
71.78;00:01:11.780;0,5;0;0,5
71.78;00:01:11.780;;;;19
72.42;00:01:12.420;0,5;0;0,5
72.42;00:01:12.420;;;;10
75.47;00:01:15.470;0,5;0;0,5
75.47;00:01:15.470;;;;30
75.52;00:01:15.520;0,5;0;0,5
75.52;00:01:15.520;;;;20
75.55;00:01:15.550;0,5;0;0,5
75.55;00:01:15.550;;;;19
75.58;00:01:15.580;0,5;0;0,5
75.58;00:01:15.580;;;;20
77.48;00:01:17.480;0,5;0;0,5
77.48;00:01:17.480;;;;20
77.57;00:01:17.570;0,5;0;0,5
77.57;00:01:17.570;;;;20
77.63;00:01:17.630;0,5;0;0,5
77.63;00:01:17.630;;;;30
77.72;00:01:17.720;0,5;0;0,5
77.72;00:01:17.720;;;;30
77.72;00:01:17.720;0,5;0;0,5
77.72;00:01:17.720;;;;30
77.74;00:01:17.740;0,5;0;0,5
77.74;00:01:17.740;;;;20
77.77;00:01:17.770;0,5;0;0,5
77.77;00:01:17.770;;;;19
78.03;00:01:18.030;0,5;0;0,5
78.03;00:01:18.030;;;;19
78.13;00:01:18.130;0,5;0;0,5
78.13;00:01:18.130;;;;10
78.13;00:01:18.130;0,5;0;0,5
78.13;00:01:18.130;;;;10
78.18;00:01:18.180;0,5;0;0,5
78.18;00:01:18.180;;;;30
78.18;00:01:18.180;0,5;0;0,5
78.18;00:01:18.180;;;;30
78.24;00:01:18.240;0,5;0;0,5
78.24;00:01:18.240;;;;10
78.76;00:01:18.760;0,5;0;0,5
78.76;00:01:18.760;;;;10
78.76;00:01:18.760;0,5;0;0,5
78.76;00:01:18.760;;;;10
78.79;00:01:18.790;0,5;0;0,5
78.79;00:01:18.790;;;;20
78.79;00:01:18.790;0,5;0;0,5
78.79;00:01:18.790;;;;20
78.87;00:01:18.870;0,5;0;0,5
78.87;00:01:18.870;;;;10
78.87;00:01:18.870;0,5;0;0,5
78.87;00:01:18.870;;;;10
78.92;00:01:18.920;0,5;0;0,5
78.92;00:01:18.920;;;;10
78.92;00:01:18.920;0,5;0;0,5
78.92;00:01:18.920;;;;10
78.95;00:01:18.950;0,5;0;0,5
78.95;00:01:18.950;;;;20
78.95;00:01:18.950;0,5;0;0,5
78.95;00:01:18.950;;;;20
79.04;00:01:19.040;0,5;0;0,5
79.04;00:01:19.040;;;;10
79.06;00:01:19.060;0,5;0;0,5
79.06;00:01:19.060;;;;10
79.06;00:01:19.060;0,5;0;0,5
79.06;00:01:19.060;;;;10
79.15;00:01:19.150;0,5;0;0,5
79.15;00:01:19.150;;;;20
79.15;00:01:19.150;0,5;0;0,5
79.15;00:01:19.150;;;;21
79.23;00:01:19.230;0,5;0;0,5
79.23;00:01:19.230;;;;20
79.23;00:01:19.230;0,5;0;0,5
79.23;00:01:19.230;;;;20
79.26;00:01:19.260;0,5;0;0,5
79.26;00:01:19.260;;;;20
79.26;00:01:19.260;0,5;0;0,5
79.26;00:01:19.260;;;;20
79.33;00:01:19.330;0,5;0;0,5
79.33;00:01:19.330;;;;10
79.33;00:01:19.330;0,5;0;0,5
79.33;00:01:19.330;;;;10
79.38;00:01:19.380;0,5;0;0,5
79.38;00:01:19.380;;;;10
79.38;00:01:19.380;0,5;0;0,5
79.38;00:01:19.380;;;;10
79.41;00:01:19.410;0,5;0;0,5
79.41;00:01:19.410;;;;20
79.41;00:01:19.410;0,5;0;0,5
79.41;00:01:19.410;;;;20
79.43;00:01:19.430;0,5;0;0,5
79.43;00:01:19.430;;;;20
79.46;00:01:19.460;0,5;0;0,5
79.46;00:01:19.460;;;;20
79.46;00:01:19.460;0,5;0;0,5
79.46;00:01:19.460;;;;20
79.57;00:01:19.570;0,5;0;0,5
79.57;00:01:19.570;;;;10
79.57;00:01:19.570;0,5;0;0,5
79.57;00:01:19.570;;;;10
79.65;00:01:19.650;0,5;0;0,5
79.65;00:01:19.650;;;;10
79.65;00:01:19.650;0,5;0;0,5
79.65;00:01:19.650;;;;10
79.68;00:01:19.680;0,5;0;0,5
79.68;00:01:19.680;;;;10
79.76;00:01:19.760;0,5;0;0,5
79.76;00:01:19.760;;;;30
79.76;00:01:19.760;0,5;0;0,5
79.76;00:01:19.760;;;;30
79.79;00:01:19.790;0,5;0;0,5
79.79;00:01:19.790;;;;59
79.79;00:01:19.790;0,5;0;0,5
79.79;00:01:19.790;;;;31
79.84;00:01:19.840;0,5;0;0,5
79.84;00:01:19.840;;;;30
79.87;00:01:19.870;0,5;0;0,5
79.87;00:01:19.870;;;;31
79.87;00:01:19.870;0,5;0;0,5
79.87;00:01:19.870;;;;13
79.93;00:01:19.930;0,5;0;0,5
79.93;00:01:19.930;;;;20
79.93;00:01:19.930;0,5;0;0,5
79.93;00:01:19.930;;;;20
79.96;00:01:19.960;0,5;0;0,5
79.96;00:01:19.960;;;;30
79.99;00:01:19.990;0,5;0;0,5
79.99;00:01:19.990;;;;10
80.02;00:01:20.020;0,5;0;0,5
80.02;00:01:20.020;;;;10
80.05;00:01:20.050;0,5;0;0,5
80.05;00:01:20.050;;;;9
80.10;00:01:20.100;0,5;0;0,5
80.10;00:01:20.100;;;;30
80.10;00:01:20.100;0,5;0;0,5
80.10;00:01:20.100;;;;30
80.18;00:01:20.180;0,5;0;0,5
80.18;00:01:20.180;;;;30
80.18;00:01:20.180;0,5;0;0,5
80.18;00:01:20.180;;;;30
80.23;00:01:20.230;0,5;0;0,5
80.23;00:01:20.230;;;;30
80.23;00:01:20.230;0,5;0;0,5
80.23;00:01:20.230;;;;30
80.26;00:01:20.260;0,5;0;0,5
80.26;00:01:20.260;;;;30
80.26;00:01:20.260;0,5;0;0,5
80.26;00:01:20.260;;;;10
80.29;00:01:20.290;0,5;0;0,5
80.29;00:01:20.290;;;;10
80.29;00:01:20.290;0,5;0;0,5
80.29;00:01:20.290;;;;10
80.34;00:01:20.340;0,5;0,5;0
80.40;00:01:20.400;0,5;0;0,5
80.40;00:01:20.400;;;;11
80.43;00:01:20.430;0,5;0;0,5
80.43;00:01:20.430;;;;11
80.43;00:01:20.430;0,5;0;0,5
80.43;00:01:20.430;;;;11
80.48;00:01:20.480;0,5;0;0,5
80.48;00:01:20.480;;;;30
80.53;00:01:20.530;0,5;0;0,5
80.53;00:01:20.530;;;;20
80.53;00:01:20.530;0,5;0;0,5
80.53;00:01:20.530;;;;10
80.55;00:01:20.550;0,5;0;0,5
80.55;00:01:20.550;;;;28
80.58;00:01:20.580;0,5;0;0,5
80.58;00:01:20.580;;;;28
80.58;00:01:20.580;0,5;0;0,5
80.58;00:01:20.580;;;;10
80.60;00:01:20.600;0,5;0;0,5
80.60;00:01:20.600;;;;10
80.60;00:01:20.600;0,5;0;0,5
80.60;00:01:20.600;;;;10
80.66;00:01:20.660;0,5;0;0,5
80.66;00:01:20.660;;;;10
80.71;00:01:20.710;0,5;0;0,5
80.71;00:01:20.710;;;;30
80.71;00:01:20.710;0,5;0;0,5
80.71;00:01:20.710;;;;30
80.74;00:01:20.740;0,5;0;0,5
80.74;00:01:20.740;;;;10
80.74;00:01:20.740;0,5;0;0,5
80.74;00:01:20.740;;;;10
80.80;00:01:20.800;0,5;0;0,5
80.80;00:01:20.800;;;;10
80.85;00:01:20.850;0,5;0;0,5
80.85;00:01:20.850;;;;10
80.85;00:01:20.850;0,5;0;0,5
80.85;00:01:20.850;;;;10
80.88;00:01:20.880;0,5;0;0,5
80.88;00:01:20.880;;;;10
80.96;00:01:20.960;0,5;0;0,5
80.96;00:01:20.960;;;;20
80.96;00:01:20.960;0,5;0;0,5
80.96;00:01:20.960;;;;20
80.98;00:01:20.980;0,5;0;0,5
80.98;00:01:20.980;;;;12
81.01;00:01:21.010;0,5;0;0,5
81.01;00:01:21.010;;;;19
81.01;00:01:21.010;0,5;0;0,5
81.01;00:01:21.010;;;;11
81.81;00:01:21.810;0,5;0;0,5
81.81;00:01:21.810;;;;20
81.83;00:01:21.830;0,5;0;0,5
81.83;00:01:21.830;;;;10
82.61;00:01:22.610;0,5;0;0,5
82.61;00:01:22.610;;;;30
83.05;00:01:23.050;0,5;0;0,5
83.05;00:01:23.050;;;;20
83.08;00:01:23.080;0,5;0;0,5
83.08;00:01:23.080;;;;20
83.81;00:01:23.810;0,5;0;0,5
83.81;00:01:23.810;;;;30
84.43;00:01:24.430;0,5;0;0,5
84.43;00:01:24.430;;;;10
84.76;00:01:24.760;0,5;0;0,5
84.76;00:01:24.760;;;;28
84.76;00:01:24.760;0,5;0;0,5
84.76;00:01:24.760;;;;28
85.44;00:01:25.440;0,5;0;0,5
85.44;00:01:25.440;;;;9
85.51;00:01:25.510;0,5;0;0,5
85.51;00:01:25.510;;;;19
85.54;00:01:25.540;0,5;0;0,5
85.54;00:01:25.540;;;;19
85.57;00:01:25.570;0,5;0;0,5
85.57;00:01:25.570;;;;19
86.01;00:01:26.010;0,5;0;0,5
86.01;00:01:26.010;;;;27
86.01;00:01:26.010;0,5;0;0,5
86.01;00:01:26.010;;;;27
87.50;00:01:27.500;0,5;0;0,5
87.50;00:01:27.500;;;;30
89.50;00:01:29.500;0,5;0;0,5
89.50;00:01:29.500;;;;20
89.58;00:01:29.580;0,5;0;0,5
89.58;00:01:29.580;;;;10
89.66;00:01:29.660;0,5;0;0,5
89.66;00:01:29.660;;;;30
89.74;00:01:29.740;0,5;0;0,5
89.74;00:01:29.740;;;;20
89.74;00:01:29.740;0,5;0;0,5
89.74;00:01:29.740;;;;21
89.76;00:01:29.760;0,5;0;0,5
89.76;00:01:29.760;;;;21
89.76;00:01:29.760;0,5;0;0,5
89.76;00:01:29.760;;;;15
89.79;00:01:29.790;0,5;0;0,5
89.79;00:01:29.790;;;;43
89.79;00:01:29.790;0,5;0;0,5
89.79;00:01:29.790;;;;21
90.05;00:01:30.050;0,5;0;0,5
90.05;00:01:30.050;;;;20
90.16;00:01:30.160;0,5;0;0,5
90.16;00:01:30.160;;;;30
90.16;00:01:30.160;0,5;0;0,5
90.16;00:01:30.160;;;;30
90.19;00:01:30.190;0,5;0;0,5
90.19;00:01:30.190;;;;10
90.19;00:01:30.190;0,5;0;0,5
90.19;00:01:30.190;;;;10
90.25;00:01:30.250;0,5;0;0,5
90.25;00:01:30.250;;;;10
90.34;00:01:30.340;0,5;0,5;0
90.44;00:01:30.440;0,5;0;0,5
90.44;00:01:30.440;;;;19
90.49;00:01:30.490;0,5;0;0,5
90.49;00:01:30.490;;;;10
90.51;00:01:30.510;0,5;0;0,5
90.51;00:01:30.510;;;;1
90.54;00:01:30.540;0,5;0;0,5
90.54;00:01:30.540;;;;1
90.57;00:01:30.570;0,5;0;0,5
90.57;00:01:30.570;;;;1
90.78;00:01:30.780;0,5;0;0,5
90.78;00:01:30.780;;;;20
90.78;00:01:30.780;0,5;0;0,5
90.78;00:01:30.780;;;;20
90.81;00:01:30.810;0,5;0;0,5
90.81;00:01:30.810;;;;20
90.81;00:01:30.810;0,5;0;0,5
90.81;00:01:30.810;;;;20
90.89;00:01:30.890;0,5;0;0,5
90.89;00:01:30.890;;;;20
90.95;00:01:30.950;0,5;0;0,5
90.95;00:01:30.950;;;;30
90.97;00:01:30.970;0,5;0;0,5
90.97;00:01:30.970;;;;20
90.97;00:01:30.970;0,5;0;0,5
90.97;00:01:30.970;;;;20
91.00;00:01:31.000;0,5;0;0,5
91.00;00:01:31.000;;;;19
91.03;00:01:31.030;0,5;0;0,5
91.03;00:01:31.030;;;;19
91.05;00:01:31.050;0,5;0;0,5
91.05;00:01:31.050;;;;10
91.08;00:01:31.080;0,5;0;0,5
91.08;00:01:31.080;;;;20
91.08;00:01:31.080;0,5;0;0,5
91.08;00:01:31.080;;;;20
91.17;00:01:31.170;0,5;0;0,5
91.17;00:01:31.170;;;;20
91.17;00:01:31.170;0,5;0;0,5
91.17;00:01:31.170;;;;20
91.26;00:01:31.260;0,5;0;0,5
91.26;00:01:31.260;;;;30
91.26;00:01:31.260;0,5;0;0,5
91.26;00:01:31.260;;;;30
91.29;00:01:31.290;0,5;0;0,5
91.29;00:01:31.290;;;;30
91.29;00:01:31.290;0,5;0;0,5
91.29;00:01:31.290;;;;31
91.34;00:01:31.340;0,5;0;0,5
91.34;00:01:31.340;;;;10
91.34;00:01:31.340;0,5;0;0,5
91.34;00:01:31.340;;;;10
91.39;00:01:31.390;0,5;0;0,5
91.39;00:01:31.390;;;;10
91.39;00:01:31.390;0,5;0;0,5
91.39;00:01:31.390;;;;10
91.44;00:01:31.440;0,5;0;0,5
91.44;00:01:31.440;;;;30
91.44;00:01:31.440;0,5;0;0,5
91.44;00:01:31.440;;;;30
91.47;00:01:31.470;0,5;0;0,5
91.47;00:01:31.470;;;;40
91.47;00:01:31.470;0,5;0;0,5
91.47;00:01:31.470;;;;11
91.49;00:01:31.490;0,5;0;0,5
91.49;00:01:31.490;;;;29
91.60;00:01:31.600;0,5;0;0,5
91.60;00:01:31.600;;;;30
91.60;00:01:31.600;0,5;0;0,5
91.60;00:01:31.600;;;;30
91.67;00:01:31.670;0,5;0;0,5
91.67;00:01:31.670;;;;20
91.67;00:01:31.670;0,5;0;0,5
91.67;00:01:31.670;;;;20
91.70;00:01:31.700;0,5;0;0,5
91.70;00:01:31.700;;;;20
91.78;00:01:31.780;0,5;0;0,5
91.78;00:01:31.780;;;;20
91.78;00:01:31.780;0,5;0;0,5
91.78;00:01:31.780;;;;20
91.81;00:01:31.810;0,5;0;0,5
91.81;00:01:31.810;;;;20
91.85;00:01:31.850;0,5;0;0,5
91.85;00:01:31.850;;;;10
91.88;00:01:31.880;0,5;0;0,5
91.88;00:01:31.880;;;;9
91.88;00:01:31.880;0,5;0;0,5
91.88;00:01:31.880;;;;8
91.95;00:01:31.950;0,5;0;0,5
91.95;00:01:31.950;;;;20
91.98;00:01:31.980;0,5;0;0,5
91.98;00:01:31.980;;;;20
92.01;00:01:32.010;0,5;0;0,5
92.01;00:01:32.010;;;;20
92.03;00:01:32.030;0,5;0;0,5
92.03;00:01:32.030;;;;10
92.06;00:01:32.060;0,5;0;0,5
92.06;00:01:32.060;;;;10
92.12;00:01:32.120;0,5;0;0,5
92.12;00:01:32.120;;;;20
92.12;00:01:32.120;0,5;0;0,5
92.12;00:01:32.120;;;;20
92.20;00:01:32.200;0,5;0;0,5
92.20;00:01:32.200;;;;20
92.25;00:01:32.250;0,5;0;0,5
92.25;00:01:32.250;;;;20
92.25;00:01:32.250;0,5;0;0,5
92.25;00:01:32.250;;;;20
92.27;00:01:32.270;0,5;0;0,5
92.27;00:01:32.270;;;;10
92.27;00:01:32.270;0,5;0;0,5
92.27;00:01:32.270;;;;10
92.31;00:01:32.310;0,5;0;0,5
92.31;00:01:32.310;;;;20
92.31;00:01:32.310;0,5;0;0,5
92.31;00:01:32.310;;;;20
92.42;00:01:32.420;0,5;0;0,5
92.42;00:01:32.420;;;;19
92.44;00:01:32.440;0,5;0;0,5
92.44;00:01:32.440;;;;10
92.44;00:01:32.440;0,5;0;0,5
92.44;00:01:32.440;;;;10
92.49;00:01:32.490;0,5;0;0,5
92.49;00:01:32.490;;;;10
92.55;00:01:32.550;0,5;0;0,5
92.55;00:01:32.550;;;;20
92.59;00:01:32.590;0,5;0;0,5
92.59;00:01:32.590;;;;10
92.59;00:01:32.590;0,5;0;0,5
92.59;00:01:32.590;;;;10
92.62;00:01:32.620;0,5;0;0,5
92.62;00:01:32.620;;;;20
92.62;00:01:32.620;0,5;0;0,5
92.62;00:01:32.620;;;;20
92.67;00:01:32.670;0,5;0;0,5
92.67;00:01:32.670;;;;10
92.73;00:01:32.730;0,5;0;0,5
92.73;00:01:32.730;;;;20
92.73;00:01:32.730;0,5;0;0,5
92.73;00:01:32.730;;;;20
92.75;00:01:32.750;0,5;0;0,5
92.75;00:01:32.750;;;;10
92.75;00:01:32.750;0,5;0;0,5
92.75;00:01:32.750;;;;10
92.81;00:01:32.810;0,5;0;0,5
92.81;00:01:32.810;;;;10
92.87;00:01:32.870;0,5;0;0,5
92.87;00:01:32.870;;;;20
92.87;00:01:32.870;0,5;0;0,5
92.87;00:01:32.870;;;;20
92.89;00:01:32.890;0,5;0;0,5
92.89;00:01:32.890;;;;10
92.98;00:01:32.980;0,5;0;0,5
92.98;00:01:32.980;;;;20
92.98;00:01:32.980;0,5;0;0,5
92.98;00:01:32.980;;;;20
93.03;00:01:33.030;0,5;0;0,5
93.03;00:01:33.030;;;;19
93.82;00:01:33.820;0,5;0;0,5
93.82;00:01:33.820;;;;10
93.84;00:01:33.840;0,5;0;0,5
93.84;00:01:33.840;;;;10
94.76;00:01:34.760;0,5;0;0,5
94.76;00:01:34.760;;;;19
94.85;00:01:34.850;0,5;0;0,5
94.85;00:01:34.850;;;;29
95.06;00:01:35.060;0,5;0;0,5
95.06;00:01:35.060;;;;10
95.46;00:01:35.460;0,5;0;0,5
95.46;00:01:35.460;;;;29
95.52;00:01:35.520;0,5;0;0,5
95.52;00:01:35.520;;;;30
95.60;00:01:35.600;0,5;0;0,5
95.60;00:01:35.600;;;;19
96.00;00:01:36.000;0,5;0;0,5
96.00;00:01:36.000;;;;17
96.03;00:01:36.030;0,5;0;0,5
96.03;00:01:36.030;;;;20
96.45;00:01:36.450;0,5;0;0,5
96.45;00:01:36.450;;;;20
98.02;00:01:38.020;0,5;0;0,5
98.02;00:01:38.020;;;;10
99.14;00:01:39.140;0,5;0;0,5
99.14;00:01:39.140;;;;25
99.14;00:01:39.140;0,5;0;0,5
99.14;00:01:39.140;;;;25
99.52;00:01:39.520;0,5;0;0,5
99.52;00:01:39.520;;;;20
99.75;00:01:39.750;0,5;0;0,5
99.75;00:01:39.750;;;;10
99.75;00:01:39.750;0,5;0;0,5
99.75;00:01:39.750;;;;10
99.78;00:01:39.780;0,5;0;0,5
99.78;00:01:39.780;;;;9
100.34;00:01:40.340;0,5;0,5;0
100.47;00:01:40.470;0,5;0;0,5
100.47;00:01:40.470;;;;9
100.61;00:01:40.610;0,5;0;0,5
100.61;00:01:40.610;;;;27
101.01;00:01:41.010;0,5;0;0,5
101.01;00:01:41.010;;;;29
101.01;00:01:41.010;0,5;0;0,5
101.01;00:01:41.010;;;;29
101.04;00:01:41.040;0,5;0;0,5
101.04;00:01:41.040;;;;27
101.61;00:01:41.610;0,5;0;0,5
101.61;00:01:41.610;;;;30
101.75;00:01:41.750;0,5;0;0,5
101.75;00:01:41.750;;;;10
101.75;00:01:41.750;0,5;0;0,5
101.75;00:01:41.750;;;;10
101.78;00:01:41.780;0,5;0;0,5
101.78;00:01:41.780;;;;19
101.78;00:01:41.780;0,5;0;0,5
101.78;00:01:41.780;;;;20
101.81;00:01:41.810;0,5;0;0,5
101.81;00:01:41.810;;;;19
102.17;00:01:42.170;0,5;0;0,5
102.17;00:01:42.170;;;;10
102.17;00:01:42.170;0,5;0;0,5
102.17;00:01:42.170;;;;10
102.22;00:01:42.220;0,5;0;0,5
102.22;00:01:42.220;;;;30
102.22;00:01:42.220;0,5;0;0,5
102.22;00:01:42.220;;;;30
102.28;00:01:42.280;0,5;0;0,5
102.28;00:01:42.280;;;;30
102.45;00:01:42.450;0,5;0;0,5
102.45;00:01:42.450;;;;10
102.50;00:01:42.500;0,5;0;0,5
102.50;00:01:42.500;;;;10
102.55;00:01:42.550;0,5;0;0,5
102.55;00:01:42.550;;;;9
102.79;00:01:42.790;0,5;0;0,5
102.79;00:01:42.790;;;;10
102.79;00:01:42.790;0,5;0;0,5
102.79;00:01:42.790;;;;10
102.82;00:01:42.820;0,5;0;0,5
102.82;00:01:42.820;;;;9
102.90;00:01:42.900;0,5;0;0,5
102.90;00:01:42.900;;;;10
102.98;00:01:42.980;0,5;0;0,5
102.98;00:01:42.980;;;;30
102.98;00:01:42.980;0,5;0;0,5
102.98;00:01:42.980;;;;11
103.01;00:01:43.010;0,5;0;0,5
103.01;00:01:43.010;;;;39
103.01;00:01:43.010;0,5;0;0,5
103.01;00:01:43.010;;;;10
103.06;00:01:43.060;0,5;0;0,5
103.06;00:01:43.060;;;;10
103.10;00:01:43.100;0,5;0;0,5
103.10;00:01:43.100;;;;20
103.10;00:01:43.100;0,5;0;0,5
103.10;00:01:43.100;;;;20
103.19;00:01:43.190;0,5;0;0,5
103.19;00:01:43.190;;;;20
103.19;00:01:43.190;0,5;0;0,5
103.19;00:01:43.190;;;;20
103.27;00:01:43.270;0,5;0;0,5
103.27;00:01:43.270;;;;10
103.27;00:01:43.270;0,5;0;0,5
103.27;00:01:43.270;;;;10
103.32;00:01:43.320;0,5;0;0,5
103.32;00:01:43.320;;;;30
103.32;00:01:43.320;0,5;0;0,5
103.32;00:01:43.320;;;;30
103.37;00:01:43.370;0,5;0;0,5
103.37;00:01:43.370;;;;30
103.37;00:01:43.370;0,5;0;0,5
103.37;00:01:43.370;;;;30
103.40;00:01:43.400;0,5;0;0,5
103.40;00:01:43.400;;;;10
103.40;00:01:43.400;0,5;0;0,5
103.40;00:01:43.400;;;;10
103.45;00:01:43.450;0,5;0;0,5
103.45;00:01:43.450;;;;10
103.45;00:01:43.450;0,5;0;0,5
103.45;00:01:43.450;;;;10
115.87;00:01:55.870;0,5;0;0,5
115.87;00:01:55.870;;;;59
115.89;00:01:55.890;0,5;0;0,5
115.89;00:01:55.890;;;;78
115.92;00:01:55.920;0,5;0;0,5
115.92;00:01:55.920;;;;28
115.94;00:01:55.940;0,5;0;0,5
115.94;00:01:55.940;;;;18
115.99;00:01:55.990;0,5;0;0,5
115.99;00:01:55.990;;;;8
115.99;00:01:55.990;0,5;0;0,5
115.99;00:01:55.990;;;;9
116.05;00:01:56.050;0,5;0;0,5
116.05;00:01:56.050;;;;67
116.05;00:01:56.050;0,5;0;0,5
116.05;00:01:56.050;;;;67
116.10;00:01:56.100;0,5;0;0,5
116.10;00:01:56.100;;;;116
116.10;00:01:56.100;0,5;0;0,5
116.10;00:01:56.100;;;;117
116.13;00:01:56.130;0,5;0;0,5
116.13;00:01:56.130;;;;145
116.13;00:01:56.130;0,5;0;0,5
116.13;00:01:56.130;;;;122
116.22;00:01:56.220;0,5;0;0,5
116.22;00:01:56.220;;;;209
116.22;00:01:56.220;0,5;0;0,5
116.22;00:01:56.220;;;;209
116.28;00:01:56.280;0,5;0;0,5
116.28;00:01:56.280;;;;268
116.28;00:01:56.280;0,5;0;0,5
116.28;00:01:56.280;;;;268
116.33;00:01:56.330;0,5;0;0,5
116.33;00:01:56.330;;;;316
116.33;00:01:56.330;0,5;0;0,5
116.33;00:01:56.330;;;;316
116.35;00:01:56.350;0,5;0;0,5
116.35;00:01:56.350;;;;335
116.35;00:01:56.350;0,5;0;0,5
116.35;00:01:56.350;;;;30
116.43;00:01:56.430;0,5;0;0,5
116.43;00:01:56.430;;;;108
116.43;00:01:56.430;0,5;0;0,5
116.43;00:01:56.430;;;;108
116.49;00:01:56.490;0,5;0;0,5
116.49;00:01:56.490;;;;167
116.49;00:01:56.490;0,5;0;0,5
116.49;00:01:56.490;;;;167
116.55;00:01:56.550;0,5;0;0,5
116.55;00:01:56.550;;;;225
116.55;00:01:56.550;0,5;0;0,5
116.55;00:01:56.550;;;;226
116.60;00:01:56.600;0,5;0;0,5
116.60;00:01:56.600;;;;245
118.48;00:01:58.480;0,5;0;0,5
118.48;00:01:58.480;;;;20
118.51;00:01:58.510;0,5;0;0,5
118.51;00:01:58.510;;;;20
119.10;00:01:59.100;0,5;0;0,5
119.10;00:01:59.100;;;;22
119.10;00:01:59.100;0,5;0;0,5
119.10;00:01:59.100;;;;22
119.16;00:01:59.160;0,5;0;0,5
119.16;00:01:59.160;;;;78
119.16;00:01:59.160;0,5;0;0,5
119.16;00:01:59.160;;;;78
119.22;00:01:59.220;0,5;0;0,5
119.22;00:01:59.220;;;;137
119.22;00:01:59.220;0,5;0;0,5
119.22;00:01:59.220;;;;137
119.27;00:01:59.270;0,5;0;0,5
119.27;00:01:59.270;;;;185
119.74;00:01:59.740;0,5;0;0,5
119.74;00:01:59.740;;;;10
119.77;00:01:59.770;0,5;0;0,5
119.77;00:01:59.770;;;;43
119.80;00:01:59.800;0,5;0;0,5
119.80;00:01:59.800;;;;68
119.83;00:01:59.830;0,5;0;0,5
119.83;00:01:59.830;;;;98
119.85;00:01:59.850;0,5;0;0,5
119.85;00:01:59.850;;;;117
119.85;00:01:59.850;0,5;0;0,5
119.85;00:01:59.850;;;;118
119.88;00:01:59.880;0,5;0;0,5
119.88;00:01:59.880;;;;147
119.93;00:01:59.930;0,5;0;0,5
119.93;00:01:59.930;;;;196
119.96;00:01:59.960;0,5;0;0,5
119.96;00:01:59.960;;;;224
119.96;00:01:59.960;0,5;0;0,5
119.96;00:01:59.960;;;;225
119.98;00:01:59.980;0,5;0;0,5
119.98;00:01:59.980;;;;243
120.03;00:02:0.030;0,5;0;0,5
120.03;00:02:0.030;;;;292
120.05;00:02:0.049;0,5;0;0,5
120.05;00:02:0.049;;;;311
120.05;00:02:0.049;0,5;0;0,5
120.05;00:02:0.049;;;;310
120.08;00:02:0.079;0,5;0;0,5
120.08;00:02:0.079;;;;338
120.13;00:02:0.129;0,5;0;0,5
120.13;00:02:0.129;;;;387
120.16;00:02:0.159;0,5;0;0,5
120.16;00:02:0.159;;;;416
120.19;00:02:0.189;0,5;0;0,5
120.19;00:02:0.189;;;;446
120.21;00:02:0.209;0,5;0;0,5
120.21;00:02:0.209;;;;465
120.24;00:02:0.239;0,5;0;0,5
120.24;00:02:0.239;;;;494
120.26;00:02:0.260;0,5;0;0,5
120.26;00:02:0.260;;;;513
120.26;00:02:0.260;0,5;0;0,5
120.26;00:02:0.260;;;;513
120.29;00:02:0.290;0,5;0;0,5
120.29;00:02:0.290;;;;543
120.34;00:02:0.340;0,5;0,5;0
120.37;00:02:0.370;0,5;0;0,5
120.37;00:02:0.370;;;;16
120.37;00:02:0.370;0,5;0;0,5
120.37;00:02:0.370;;;;16
120.40;00:02:0.400;0,5;0;0,5
120.40;00:02:0.400;;;;44
120.40;00:02:0.400;0,5;0;0,5
120.40;00:02:0.400;;;;47
120.45;00:02:0.450;0,5;0;0,5
120.45;00:02:0.450;;;;93
120.47;00:02:0.469;0,5;0;0,5
120.47;00:02:0.469;;;;112
120.50;00:02:0.500;0,5;0;0,5
120.50;00:02:0.500;;;;141
120.50;00:02:0.500;0,5;0;0,5
120.50;00:02:0.500;;;;142
120.53;00:02:0.530;0,5;0;0,5
120.53;00:02:0.530;;;;170
120.58;00:02:0.579;0,5;0;0,5
120.58;00:02:0.579;;;;219
120.61;00:02:0.609;0,5;0;0,5
120.61;00:02:0.609;;;;248
120.64;00:02:0.640;0,5;0;0,5
120.64;00:02:0.640;;;;277
120.67;00:02:0.670;0,5;0;0,5
120.67;00:02:0.670;;;;306
120.69;00:02:0.689;0,5;0;0,5
120.69;00:02:0.689;;;;326
120.71;00:02:0.709;0,5;0;0,5
120.71;00:02:0.709;;;;346
120.71;00:02:0.709;0,5;0;0,5
120.71;00:02:0.709;;;;346
120.74;00:02:0.739;0,5;0;0,5
120.74;00:02:0.739;;;;374
120.79;00:02:0.790;0,5;0;0,5
120.79;00:02:0.790;;;;409
120.82;00:02:0.819;0,5;0;0,5
120.82;00:02:0.819;;;;438
120.85;00:02:0.849;0,5;0;0,5
120.85;00:02:0.849;;;;468
120.88;00:02:0.879;0,5;0;0,5
120.88;00:02:0.879;;;;497
120.91;00:02:0.909;0,5;0;0,5
120.91;00:02:0.909;;;;526
120.93;00:02:0.930;0,5;0;0,5
120.93;00:02:0.930;;;;545
120.95;00:02:0.950;0,5;0;0,5
120.95;00:02:0.950;;;;565
120.95;00:02:0.950;0,5;0;0,5
120.95;00:02:0.950;;;;571
120.98;00:02:0.980;0,5;0;0,5
120.98;00:02:0.980;;;;594
121.04;00:02:1.040;0,5;0;0,5
121.04;00:02:1.040;;;;652
121.06;00:02:1.060;0,5;0;0,5
121.06;00:02:1.060;;;;671
121.06;00:02:1.060;0,5;0;0,5
121.06;00:02:1.060;;;;672
121.09;00:02:1.090;0,5;0;0,5
121.09;00:02:1.090;;;;700
121.15;00:02:1.150;0,5;0;0,5
121.15;00:02:1.150;;;;759
121.18;00:02:1.180;0,5;0;0,5
121.18;00:02:1.180;;;;788
121.18;00:02:1.180;0,5;0;0,5
121.18;00:02:1.180;;;;789
121.21;00:02:1.209;0,5;0;0,5
121.21;00:02:1.209;;;;818
121.26;00:02:1.260;0,5;0;0,5
121.26;00:02:1.260;;;;867
121.28;00:02:1.280;0,5;0;0,5
121.28;00:02:1.280;;;;885
121.30;00:02:1.300;0,5;0;0,5
121.30;00:02:1.300;;;;904
121.30;00:02:1.300;0,5;0;0,5
121.30;00:02:1.300;;;;905
121.33;00:02:1.330;0,5;0;0,5
121.33;00:02:1.330;;;;934
121.38;00:02:1.380;0,5;0;0,5
121.38;00:02:1.380;;;;983
121.40;00:02:1.400;0,5;0;0,5
121.40;00:02:1.400;;;;1001
121.43;00:02:1.430;0,5;1;0,5
121.43;00:02:1.430;;;;1025
121.45;00:02:1.450;0,5;1;0,5
121.45;00:02:1.450;;;;1044
121.45;00:02:1.450;0,5;1;0,5
121.45;00:02:1.450;;;;1044
121.48;00:02:1.480;0,5;1;0,5
121.48;00:02:1.480;;;;494
121.53;00:02:1.530;0,5;1;0,5
121.53;00:02:1.530;;;;517
124.14;00:02:4.140;0,5;1;0,5
124.14;00:02:4.140;;;;29
125.51;00:02:5.510;0,5;1;0,5
125.51;00:02:5.510;;;;30
125.56;00:02:5.560;0,5;1;0,5
125.56;00:02:5.560;;;;20
126.00;00:02:6.000;0,5;1;0,5
126.00;00:02:6.000;;;;17
126.03;00:02:6.030;0,5;1;0,5
126.03;00:02:6.030;;;;19
127.91;00:02:7.910;0,5;1;0,5
127.91;00:02:7.910;;;;20
127.96;00:02:7.959;0,5;1;0,5
127.96;00:02:7.959;;;;19
128.02;00:02:8.020;0,5;1;0,5
128.02;00:02:8.020;;;;30
128.07;00:02:8.069;0,5;1;0,5
128.07;00:02:8.069;;;;20
128.07;00:02:8.069;0,5;1;0,5
128.07;00:02:8.069;;;;20
128.13;00:02:8.130;0,5;1;0,5
128.13;00:02:8.130;;;;29
128.13;00:02:8.130;0,5;1;0,5
128.13;00:02:8.130;;;;29
128.16;00:02:8.160;0,5;1;0,5
128.16;00:02:8.160;;;;29
128.16;00:02:8.160;0,5;1;0,5
128.16;00:02:8.160;;;;28
128.25;00:02:8.250;0,5;1;0,5
128.25;00:02:8.250;;;;30
128.29;00:02:8.289;0,5;1;0,5
128.29;00:02:8.289;;;;10
128.35;00:02:8.349;0,5;1;0,5
128.35;00:02:8.349;;;;20
128.37;00:02:8.370;0,5;1;0,5
128.37;00:02:8.370;;;;19
128.37;00:02:8.370;0,5;1;0,5
128.37;00:02:8.370;;;;19
128.44;00:02:8.440;0,5;1;0,5
128.44;00:02:8.440;;;;10
128.44;00:02:8.440;0,5;1;0,5
128.44;00:02:8.440;;;;9
128.52;00:02:8.520;0,5;1;0,5
128.52;00:02:8.520;;;;30
128.52;00:02:8.520;0,5;1;0,5
128.52;00:02:8.520;;;;29
128.61;00:02:8.610;0,5;1;0,5
128.61;00:02:8.610;;;;60
128.61;00:02:8.610;0,5;1;0,5
128.61;00:02:8.610;;;;59
128.64;00:02:8.639;0,5;1;0,5
128.64;00:02:8.639;;;;40
129.76;00:02:9.759;0,5;1;0,5
129.76;00:02:9.759;;;;16
130.34;00:02:10.340;0,5;0,5;1
130.51;00:02:10.510;0,5;0;0,5
130.51;00:02:10.510;;;;31
130.54;00:02:10.540;0,5;0;0,5
130.54;00:02:10.540;;;;39
130.54;00:02:10.540;0,5;0;0,5
130.54;00:02:10.540;;;;30
130.56;00:02:10.560;0,5;0;0,5
130.56;00:02:10.560;;;;30
130.99;00:02:10.990;0,5;0;0,5
130.99;00:02:10.990;;;;24
131.02;00:02:11.020;0,5;0;0,5
131.02;00:02:11.020;;;;29
131.02;00:02:11.020;0,5;0;0,5
131.02;00:02:11.020;;;;29
131.13;00:02:11.130;0,5;0;0,5
131.13;00:02:11.130;;;;28
131.13;00:02:11.130;0,5;0;0,5
131.13;00:02:11.130;;;;27
131.18;00:02:11.180;0,5;0;0,5
131.18;00:02:11.180;;;;20
131.18;00:02:11.180;0,5;0;0,5
131.18;00:02:11.180;;;;20
131.23;00:02:11.230;0,5;0;0,5
131.23;00:02:11.230;;;;10
131.29;00:02:11.290;0,5;0;0,5
131.29;00:02:11.290;;;;20
131.75;00:02:11.750;0,5;0;0,5
131.75;00:02:11.750;;;;9
131.79;00:02:11.790;0,5;0;0,5
131.79;00:02:11.790;;;;16
131.81;00:02:11.810;0,5;0;0,5
131.81;00:02:11.810;;;;10
131.84;00:02:11.840;0,5;0;0,5
131.84;00:02:11.840;;;;10
131.87;00:02:11.870;0,5;0;0,5
131.87;00:02:11.870;;;;19
131.87;00:02:11.870;0,5;0;0,5
131.87;00:02:11.870;;;;19
131.90;00:02:11.900;0,5;0;0,5
131.90;00:02:11.900;;;;19
131.98;00:02:11.980;0,5;0;0,5
131.98;00:02:11.980;;;;20
131.98;00:02:11.980;0,5;0;0,5
131.98;00:02:11.980;;;;19
132.00;00:02:12.000;0,5;0;0,5
132.00;00:02:12.000;;;;20
132.05;00:02:12.050;0,5;0;0,5
132.05;00:02:12.050;;;;20
132.08;00:02:12.080;0,5;0;0,5
132.08;00:02:12.080;;;;30
132.08;00:02:12.080;0,5;0;0,5
132.08;00:02:12.080;;;;29
132.10;00:02:12.100;0,5;0;0,5
132.10;00:02:12.100;;;;20
132.15;00:02:12.150;0,5;0;0,5
132.15;00:02:12.150;;;;20
132.17;00:02:12.170;0,5;0;0,5
132.17;00:02:12.170;;;;10
132.20;00:02:12.200;0,5;0;0,5
132.20;00:02:12.200;;;;9
132.23;00:02:12.230;0,5;0;0,5
132.23;00:02:12.230;;;;20
132.26;00:02:12.260;0,5;0;0,5
132.26;00:02:12.260;;;;20
132.29;00:02:12.290;0,5;0;0,5
132.29;00:02:12.290;;;;30
132.29;00:02:12.290;0,5;0;0,5
132.29;00:02:12.290;;;;30
132.38;00:02:12.380;0,5;0;0,5
132.38;00:02:12.380;;;;89
132.38;00:02:12.380;0,5;0;0,5
132.38;00:02:12.380;;;;10
132.40;00:02:12.400;0,5;0;0,5
132.40;00:02:12.400;;;;29
132.45;00:02:12.450;0,5;0;0,5
132.45;00:02:12.450;;;;50
132.45;00:02:12.450;0,5;0;0,5
132.45;00:02:12.450;;;;46
132.51;00:02:12.510;0,5;0;0,5
132.51;00:02:12.510;;;;59
132.51;00:02:12.510;0,5;0;0,5
132.51;00:02:12.510;;;;40
132.53;00:02:12.530;0,5;0;0,5
132.53;00:02:12.530;;;;29
132.53;00:02:12.530;0,5;0;0,5
132.53;00:02:12.530;;;;28
132.62;00:02:12.620;0,5;0;0,5
132.62;00:02:12.620;;;;89
132.64;00:02:12.640;0,5;0;0,5
132.64;00:02:12.640;;;;59
132.67;00:02:12.670;0,5;0;0,5
132.67;00:02:12.670;;;;60
132.69;00:02:12.690;0,5;0;0,5
132.69;00:02:12.690;;;;69
132.72;00:02:12.720;0,5;0;0,5
132.72;00:02:12.720;;;;80
132.74;00:02:12.740;0,5;0;0,5
132.74;00:02:12.740;;;;69
132.74;00:02:12.740;0,5;0;0,5
132.74;00:02:12.740;;;;50
132.77;00:02:12.770;0,5;0;0,5
132.77;00:02:12.770;;;;59
132.82;00:02:12.820;0,5;0;0,5
132.82;00:02:12.820;;;;108
132.85;00:02:12.850;0,5;0;0,5
132.85;00:02:12.850;;;;109
132.88;00:02:12.880;0,5;0;0,5
132.88;00:02:12.880;;;;90
132.90;00:02:12.900;0,5;0;0,5
132.90;00:02:12.900;;;;79
132.93;00:02:12.930;0,5;0;0,5
132.93;00:02:12.930;;;;80
132.95;00:02:12.950;0,5;0;0,5
132.95;00:02:12.950;;;;69
132.98;00:02:12.980;0,5;0;0,5
132.98;00:02:12.980;;;;69
132.98;00:02:12.980;0,5;0;0,5
132.98;00:02:12.980;;;;50
133.00;00:02:13.000;0,5;0;0,5
133.00;00:02:13.000;;;;42
133.05;00:02:13.050;0,5;0;0,5
133.05;00:02:13.050;;;;68
133.07;00:02:13.070;0,5;0;0,5
133.07;00:02:13.070;;;;30
133.07;00:02:13.070;0,5;0;0,5
133.07;00:02:13.070;;;;11
133.10;00:02:13.100;0,5;0;0,5
133.10;00:02:13.100;;;;40
133.16;00:02:13.160;0,5;0;0,5
133.16;00:02:13.160;;;;69
133.19;00:02:13.190;0,5;0;0,5
133.19;00:02:13.190;;;;10
133.19;00:02:13.190;0,5;0;0,5
133.19;00:02:13.190;;;;10
133.22;00:02:13.220;0,5;0;0,5
133.22;00:02:13.220;;;;9
133.27;00:02:13.270;0,5;0;0,5
133.27;00:02:13.270;;;;10
133.29;00:02:13.290;0,5;0;0,5
133.29;00:02:13.290;;;;10
133.32;00:02:13.320;0,5;0;0,5
133.32;00:02:13.320;;;;20
133.32;00:02:13.320;0,5;0;0,5
133.32;00:02:13.320;;;;20
133.34;00:02:13.340;0,5;0;0,5
133.34;00:02:13.340;;;;10
133.39;00:02:13.390;0,5;0;0,5
133.39;00:02:13.390;;;;9
133.42;00:02:13.420;0,5;0;0,5
133.42;00:02:13.420;;;;20
133.45;00:02:13.450;0,5;0;0,5
133.45;00:02:13.450;;;;20
133.48;00:02:13.480;0,5;0;0,5
133.48;00:02:13.480;;;;30
133.48;00:02:13.480;0,5;0;0,5
133.48;00:02:13.480;;;;30
133.56;00:02:13.560;0,5;0;0,5
133.56;00:02:13.560;;;;30
134.75;00:02:14.750;0,5;0;0,5
134.75;00:02:14.750;;;;8
134.75;00:02:14.750;0,5;0;0,5
134.75;00:02:14.750;;;;8
134.80;00:02:14.800;0,5;0;0,5
134.80;00:02:14.800;;;;22
135.50;00:02:15.500;0,5;0;0,5
135.50;00:02:15.500;;;;29
135.97;00:02:15.970;0,5;0;0,5
135.97;00:02:15.970;;;;3
136.02;00:02:16.020;0,5;0;0,5
136.02;00:02:16.020;;;;29
136.02;00:02:16.020;0,5;0;0,5
136.02;00:02:16.020;;;;30
136.05;00:02:16.050;0,5;0;0,5
136.05;00:02:16.050;;;;27
136.16;00:02:16.160;0,5;0;0,5
136.16;00:02:16.160;;;;20
137.54;00:02:17.540;0,5;0;0,5
137.54;00:02:17.540;;;;30
139.10;00:02:19.100;0,5;0;0,5
139.10;00:02:19.100;;;;4
139.10;00:02:19.100;0,5;0;0,5
139.10;00:02:19.100;;;;4
139.75;00:02:19.750;0,5;0;0,5
139.75;00:02:19.750;;;;8
139.80;00:02:19.800;0,5;0;0,5
139.80;00:02:19.800;;;;9
139.92;00:02:19.920;0,5;0;0,5
139.92;00:02:19.920;;;;10
139.97;00:02:19.970;0,5;0;0,5
139.97;00:02:19.970;;;;10
140.05;00:02:20.050;0,5;0;0,5
140.05;00:02:20.050;;;;30
140.08;00:02:20.080;0,5;0;0,5
140.08;00:02:20.080;;;;10
140.08;00:02:20.080;0,5;0;0,5
140.08;00:02:20.080;;;;10
140.15;00:02:20.150;0,5;0;0,5
140.15;00:02:20.150;;;;20
140.17;00:02:20.170;0,5;0;0,5
140.17;00:02:20.170;;;;10
140.17;00:02:20.170;0,5;0;0,5
140.17;00:02:20.170;;;;10
140.28;00:02:20.280;0,5;0;0,5
140.28;00:02:20.280;;;;30
140.34;00:02:20.340;0,5;0,5;0
140.37;00:02:20.370;0,5;0;0,5
140.37;00:02:20.370;;;;20
140.39;00:02:20.390;0,5;0;0,5
140.39;00:02:20.390;;;;21
140.39;00:02:20.390;0,5;0;0,5
140.39;00:02:20.390;;;;21
140.45;00:02:20.450;0,5;0;0,5
140.45;00:02:20.450;;;;11
140.45;00:02:20.450;0,5;0;0,5
140.45;00:02:20.450;;;;11
140.48;00:02:20.480;0,5;0;0,5
140.48;00:02:20.480;;;;28
140.50;00:02:20.500;0,5;0;0,5
140.50;00:02:20.500;;;;18
140.53;00:02:20.530;0,5;0;0,5
140.53;00:02:20.530;;;;10
140.53;00:02:20.530;0,5;0;0,5
140.53;00:02:20.530;;;;10
140.55;00:02:20.550;0,5;0;0,5
140.55;00:02:20.550;;;;10
140.60;00:02:20.600;0,5;0;0,5
140.60;00:02:20.600;;;;29
140.63;00:02:20.630;0,5;0;0,5
140.63;00:02:20.630;;;;57
140.63;00:02:20.630;0,5;0;0,5
140.63;00:02:20.630;;;;21
141.01;00:02:21.010;0,5;0;0,5
141.01;00:02:21.010;;;;29
142.54;00:02:22.540;0,5;0;0,5
142.54;00:02:22.540;;;;29
142.57;00:02:22.570;0,5;0;0,5
142.57;00:02:22.570;;;;30
142.57;00:02:22.570;0,5;0;0,5
142.57;00:02:22.570;;;;30
142.62;00:02:22.620;0,5;0;0,5
142.62;00:02:22.620;;;;20
143.05;00:02:23.050;0,5;0;0,5
143.05;00:02:23.050;;;;29
143.16;00:02:23.160;0,5;0;0,5
143.16;00:02:23.160;;;;30
143.16;00:02:23.160;0,5;0;0,5
143.16;00:02:23.160;;;;30
143.21;00:02:23.210;0,5;0;0,5
143.21;00:02:23.210;;;;30
143.21;00:02:23.210;0,5;0;0,5
143.21;00:02:23.210;;;;30
143.32;00:02:23.320;0,5;0;0,5
143.32;00:02:23.320;;;;30
143.78;00:02:23.780;0,5;0;0,5
143.78;00:02:23.780;;;;30
143.81;00:02:23.810;0,5;0;0,5
143.81;00:02:23.810;;;;20
143.83;00:02:23.830;0,5;0;0,5
143.83;00:02:23.830;;;;20
143.86;00:02:23.860;0,5;0;0,5
143.86;00:02:23.860;;;;20
143.89;00:02:23.890;0,5;0;0,5
143.89;00:02:23.890;;;;19
143.91;00:02:23.910;0,5;0;0,5
143.91;00:02:23.910;;;;10
144.00;00:02:24.000;0,5;0;0,5
144.00;00:02:24.000;;;;20
144.00;00:02:24.000;0,5;0;0,5
144.00;00:02:24.000;;;;20
144.07;00:02:24.070;0,5;0;0,5
144.07;00:02:24.070;;;;20
144.10;00:02:24.100;0,5;0;0,5
144.10;00:02:24.100;;;;21
144.10;00:02:24.100;0,5;0;0,5
144.10;00:02:24.100;;;;21
144.13;00:02:24.130;0,5;0;0,5
144.13;00:02:24.130;;;;30
144.13;00:02:24.130;0,5;0;0,5
144.13;00:02:24.130;;;;20
144.16;00:02:24.160;0,5;0;0,5
144.16;00:02:24.160;;;;10
144.19;00:02:24.190;0,5;0;0,5
144.19;00:02:24.190;;;;19
144.22;00:02:24.220;0,5;0;0,5
144.22;00:02:24.220;;;;20
144.27;00:02:24.270;0,5;0;0,5
144.27;00:02:24.270;;;;10
144.30;00:02:24.300;0,5;0;0,5
144.30;00:02:24.300;;;;10
144.30;00:02:24.300;0,5;0;0,5
144.30;00:02:24.300;;;;10
144.40;00:02:24.400;0,5;0;0,5
144.40;00:02:24.400;;;;20
144.40;00:02:24.400;0,5;0;0,5
144.40;00:02:24.400;;;;20
144.43;00:02:24.430;0,5;0;0,5
144.43;00:02:24.430;;;;30
144.48;00:02:24.480;0,5;0;0,5
144.48;00:02:24.480;;;;30
144.48;00:02:24.480;0,5;0;0,5
144.48;00:02:24.480;;;;30
144.54;00:02:24.540;0,5;0;0,5
144.54;00:02:24.540;;;;30
144.54;00:02:24.540;0,5;0;0,5
144.54;00:02:24.540;;;;30
144.57;00:02:24.570;0,5;0;0,5
144.57;00:02:24.570;;;;40
144.57;00:02:24.570;0,5;0;0,5
144.57;00:02:24.570;;;;40
144.63;00:02:24.630;0,5;0;0,5
144.63;00:02:24.630;;;;9
144.66;00:02:24.660;0,5;0;0,5
144.66;00:02:24.660;;;;20
144.69;00:02:24.690;0,5;0;0,5
144.69;00:02:24.690;;;;20
144.75;00:02:24.750;0,5;0;0,5
144.75;00:02:24.750;;;;30
144.75;00:02:24.750;0,5;0;0,5
144.75;00:02:24.750;;;;11
144.77;00:02:24.770;0,5;0;0,5
144.77;00:02:24.770;;;;29
144.85;00:02:24.850;0,5;0;0,5
144.85;00:02:24.850;;;;30
144.85;00:02:24.850;0,5;0;0,5
144.85;00:02:24.850;;;;31
144.87;00:02:24.870;0,5;0;0,5
144.87;00:02:24.870;;;;20
144.90;00:02:24.900;0,5;0;0,5
144.90;00:02:24.900;;;;20
144.93;00:02:24.930;0,5;0;0,5
144.93;00:02:24.930;;;;30
144.95;00:02:24.950;0,5;0;0,5
144.95;00:02:24.950;;;;20
144.98;00:02:24.980;0,5;0;0,5
144.98;00:02:24.980;;;;30
145.00;00:02:25.000;0,5;0;0,5
145.00;00:02:25.000;;;;20
145.00;00:02:25.000;0,5;0;0,5
145.00;00:02:25.000;;;;20
145.02;00:02:25.020;0,5;0;0,5
145.02;00:02:25.020;;;;20
145.07;00:02:25.070;0,5;0;0,5
145.07;00:02:25.070;;;;20
145.10;00:02:25.100;0,5;0;0,5
145.10;00:02:25.100;;;;30
145.10;00:02:25.100;0,5;0;0,5
145.10;00:02:25.100;;;;30
145.13;00:02:25.130;0,5;0;0,5
145.13;00:02:25.130;;;;28
145.19;00:02:25.190;0,5;0;0,5
145.19;00:02:25.190;;;;30
145.22;00:02:25.220;0,5;0;0,5
145.22;00:02:25.220;;;;31
145.22;00:02:25.220;0,5;0;0,5
145.22;00:02:25.220;;;;30
145.25;00:02:25.250;0,5;0;0,5
145.25;00:02:25.250;;;;30
145.30;00:02:25.300;0,5;0;0,5
145.30;00:02:25.300;;;;30
145.30;00:02:25.300;0,5;0;0,5
145.30;00:02:25.300;;;;11
145.33;00:02:25.330;0,5;0;0,5
145.33;00:02:25.330;;;;10
145.33;00:02:25.330;0,5;0;0,5
145.33;00:02:25.330;;;;10
145.35;00:02:25.350;0,5;0;0,5
145.35;00:02:25.350;;;;10
145.41;00:02:25.410;0,5;0;0,5
145.41;00:02:25.410;;;;20
145.44;00:02:25.440;0,5;0;0,5
145.44;00:02:25.440;;;;20
145.46;00:02:25.460;0,5;0;0,5
145.46;00:02:25.460;;;;19
145.46;00:02:25.460;0,5;0;0,5
145.46;00:02:25.460;;;;11
145.49;00:02:25.490;0,5;0;0,5
145.49;00:02:25.490;;;;10
145.49;00:02:25.490;0,5;0;0,5
145.49;00:02:25.490;;;;11
145.55;00:02:25.550;0,5;0;0,5
145.55;00:02:25.550;;;;29
146.00;00:02:26.000;0,5;0;0,5
146.00;00:02:26.000;;;;23
146.00;00:02:26.000;0,5;0;0,5
146.00;00:02:26.000;;;;23
146.03;00:02:26.030;0,5;0;0,5
146.03;00:02:26.030;;;;27
146.03;00:02:26.030;0,5;0;0,5
146.03;00:02:26.030;;;;27
146.06;00:02:26.060;0,5;0;0,5
146.06;00:02:26.060;;;;56
146.78;00:02:26.780;0,5;0;0,5
146.78;00:02:26.780;;;;29
149.11;00:02:29.110;0,5;0;0,5
149.11;00:02:29.110;;;;4
149.55;00:02:29.550;0,5;0;0,5
149.55;00:02:29.550;;;;10
150.34;00:02:30.340;0,5;0,5;0
150.46;00:02:30.460;0,5;0;0,5
150.46;00:02:30.460;;;;28
150.57;00:02:30.570;0,5;0;0,5
150.57;00:02:30.570;;;;18
150.60;00:02:30.600;0,5;0;0,5
150.60;00:02:30.600;;;;19
150.68;00:02:30.680;0,5;0;0,5
150.68;00:02:30.680;;;;19
150.97;00:02:30.970;0,5;0;0,5
150.97;00:02:30.970;;;;3
151.00;00:02:31.000;0,5;0;0,5
151.00;00:02:31.000;;;;9
151.77;00:02:31.770;0,5;0;0,5
151.77;00:02:31.770;;;;20
151.82;00:02:31.820;0,5;0;0,5
151.82;00:02:31.820;;;;20
151.93;00:02:31.930;0,5;0;0,5
151.93;00:02:31.930;;;;10
151.99;00:02:31.990;0,5;0;0,5
151.99;00:02:31.990;;;;20
152.10;00:02:32.100;0,5;0;0,5
152.10;00:02:32.100;;;;20
152.10;00:02:32.100;0,5;0;0,5
152.10;00:02:32.100;;;;20
152.16;00:02:32.160;0,5;0;0,5
152.16;00:02:32.160;;;;10
152.18;00:02:32.180;0,5;0;0,5
152.18;00:02:32.180;;;;10
152.18;00:02:32.180;0,5;0;0,5
152.18;00:02:32.180;;;;10
152.31;00:02:32.310;0,5;0;0,5
152.31;00:02:32.310;;;;30
152.40;00:02:32.400;0,5;0;0,5
152.40;00:02:32.400;;;;30
152.40;00:02:32.400;0,5;0;0,5
152.40;00:02:32.400;;;;10
152.43;00:02:32.430;0,5;0;0,5
152.43;00:02:32.430;;;;39
152.46;00:02:32.460;0,5;0;0,5
152.46;00:02:32.460;;;;9
152.46;00:02:32.460;0,5;0;0,5
152.46;00:02:32.460;;;;9
152.52;00:02:32.520;0,5;0;0,5
152.52;00:02:32.520;;;;20
152.55;00:02:32.550;0,5;0;0,5
152.55;00:02:32.550;;;;20
152.65;00:02:32.650;0,5;0;0,5
152.65;00:02:32.650;;;;19
152.68;00:02:32.680;0,5;0;0,5
152.68;00:02:32.680;;;;29
154.57;00:02:34.570;0,5;0;0,5
154.57;00:02:34.570;;;;30
154.59;00:02:34.590;0,5;0;0,5
154.59;00:02:34.590;;;;20
154.59;00:02:34.590;0,5;0;0,5
154.59;00:02:34.590;;;;20
154.74;00:02:34.740;0,5;0;0,5
154.74;00:02:34.740;;;;18
155.07;00:02:35.070;0,5;0;0,5
155.07;00:02:35.070;;;;20
155.18;00:02:35.180;0,5;0;0,5
155.18;00:02:35.180;;;;20
155.18;00:02:35.180;0,5;0;0,5
155.18;00:02:35.180;;;;20
155.23;00:02:35.230;0,5;0;0,5
155.23;00:02:35.230;;;;20
155.23;00:02:35.230;0,5;0;0,5
155.23;00:02:35.230;;;;20
155.33;00:02:35.330;0,5;0;0,5
155.33;00:02:35.330;;;;10
155.44;00:02:35.440;0,5;0;0,5
155.44;00:02:35.440;;;;9
155.55;00:02:35.550;0,5;0;0,5
155.55;00:02:35.550;;;;29
155.58;00:02:35.580;0,5;0;0,5
155.58;00:02:35.580;;;;28
155.60;00:02:35.600;0,5;0;0,5
155.60;00:02:35.600;;;;18
155.81;00:02:35.810;0,5;0;0,5
155.81;00:02:35.810;;;;30
155.83;00:02:35.830;0,5;0;0,5
155.83;00:02:35.830;;;;20
155.86;00:02:35.860;0,5;0;0,5
155.86;00:02:35.860;;;;30
155.89;00:02:35.890;0,5;0;0,5
155.89;00:02:35.890;;;;30
155.92;00:02:35.920;0,5;0;0,5
155.92;00:02:35.920;;;;30
155.92;00:02:35.920;0,5;0;0,5
155.92;00:02:35.920;;;;11
156.01;00:02:36.010;0,5;0;0,5
156.01;00:02:36.010;;;;10
156.01;00:02:36.010;0,5;0;0,5
156.01;00:02:36.010;;;;10
156.03;00:02:36.030;0,5;0;0,5
156.03;00:02:36.030;;;;29
156.09;00:02:36.090;0,5;0;0,5
156.09;00:02:36.090;;;;20
156.11;00:02:36.110;0,5;0;0,5
156.11;00:02:36.110;;;;10
156.11;00:02:36.110;0,5;0;0,5
156.11;00:02:36.110;;;;10
156.14;00:02:36.140;0,5;0;0,5
156.14;00:02:36.140;;;;10
156.14;00:02:36.140;0,5;0;0,5
156.14;00:02:36.140;;;;10
156.17;00:02:36.170;0,5;0;0,5
156.17;00:02:36.170;;;;10
156.22;00:02:36.220;0,5;0;0,5
156.22;00:02:36.220;;;;30
156.25;00:02:36.250;0,5;0;0,5
156.25;00:02:36.250;;;;30
156.28;00:02:36.280;0,5;0;0,5
156.28;00:02:36.280;;;;10
156.32;00:02:36.320;0,5;0;0,5
156.32;00:02:36.320;;;;20
156.32;00:02:36.320;0,5;0;0,5
156.32;00:02:36.320;;;;20
156.43;00:02:36.430;0,5;0;0,5
156.43;00:02:36.430;;;;30
156.43;00:02:36.430;0,5;0;0,5
156.43;00:02:36.430;;;;30
156.45;00:02:36.450;0,5;0;0,5
156.45;00:02:36.450;;;;20
156.51;00:02:36.510;0,5;0;0,5
156.51;00:02:36.510;;;;30
156.51;00:02:36.510;0,5;0;0,5
156.51;00:02:36.510;;;;30
156.56;00:02:36.560;0,5;0;0,5
156.56;00:02:36.560;;;;20
156.56;00:02:36.560;0,5;0;0,5
156.56;00:02:36.560;;;;20
156.59;00:02:36.590;0,5;0;0,5
156.59;00:02:36.590;;;;20
156.59;00:02:36.590;0,5;0;0,5
156.59;00:02:36.590;;;;20
156.64;00:02:36.640;0,5;0;0,5
156.64;00:02:36.640;;;;10
156.67;00:02:36.670;0,5;0;0,5
156.67;00:02:36.670;;;;10
156.70;00:02:36.700;0,5;0;0,5
156.70;00:02:36.700;;;;10
156.76;00:02:36.760;0,5;0;0,5
156.76;00:02:36.760;;;;10
156.76;00:02:36.760;0,5;0;0,5
156.76;00:02:36.760;;;;10
156.78;00:02:36.780;0,5;0;0,5
156.78;00:02:36.780;;;;10
156.88;00:02:36.880;0,5;0;0,5
156.88;00:02:36.880;;;;30
156.88;00:02:36.880;0,5;0;0,5
156.88;00:02:36.880;;;;29
156.91;00:02:36.910;0,5;0;0,5
156.91;00:02:36.910;;;;40
156.91;00:02:36.910;0,5;0;0,5
156.91;00:02:36.910;;;;11
156.94;00:02:36.940;0,5;0;0,5
156.94;00:02:36.940;;;;10
156.96;00:02:36.960;0,5;0;0,5
156.96;00:02:36.960;;;;10
156.99;00:02:36.990;0,5;0;0,5
156.99;00:02:36.990;;;;10
157.02;00:02:37.020;0,5;0;0,5
157.02;00:02:37.020;;;;20
157.02;00:02:37.020;0,5;0;0,5
157.02;00:02:37.020;;;;20
157.04;00:02:37.040;0,5;0;0,5
157.04;00:02:37.040;;;;20
157.10;00:02:37.100;0,5;0;0,5
157.10;00:02:37.100;;;;30
157.13;00:02:37.130;0,5;0;0,5
157.13;00:02:37.130;;;;30
157.13;00:02:37.130;0,5;0;0,5
157.13;00:02:37.130;;;;30
157.16;00:02:37.160;0,5;0;0,5
157.16;00:02:37.160;;;;30
157.21;00:02:37.210;0,5;0;0,5
157.21;00:02:37.210;;;;20
157.24;00:02:37.240;0,5;0;0,5
157.24;00:02:37.240;;;;19
157.24;00:02:37.240;0,5;0;0,5
157.24;00:02:37.240;;;;19
157.27;00:02:37.270;0,5;0;0,5
157.27;00:02:37.270;;;;20
157.33;00:02:37.330;0,5;0;0,5
157.33;00:02:37.330;;;;30
157.33;00:02:37.330;0,5;0;0,5
157.33;00:02:37.330;;;;30
157.36;00:02:37.360;0,5;0;0,5
157.36;00:02:37.360;;;;30
157.36;00:02:37.360;0,5;0;0,5
157.36;00:02:37.360;;;;11
157.44;00:02:37.440;0,5;0;0,5
157.44;00:02:37.440;;;;30
157.47;00:02:37.470;0,5;0;0,5
157.47;00:02:37.470;;;;30
157.47;00:02:37.470;0,5;0;0,5
157.47;00:02:37.470;;;;10
157.50;00:02:37.500;0,5;0;0,5
157.50;00:02:37.500;;;;9
157.58;00:02:37.580;0,5;0;0,5
157.58;00:02:37.580;;;;30
158.02;00:02:38.020;0,5;0;0,5
158.02;00:02:38.020;;;;19
158.05;00:02:38.050;0,5;0;0,5
158.05;00:02:38.050;;;;20
158.08;00:02:38.080;0,5;0;0,5
158.08;00:02:38.080;;;;20
158.80;00:02:38.800;0,5;0;0,5
158.80;00:02:38.800;;;;20
159.10;00:02:39.100;0,5;0;0,5
159.10;00:02:39.100;;;;7
159.10;00:02:39.100;0,5;0;0,5
159.10;00:02:39.100;;;;6
159.73;00:02:39.730;0,5;0;0,5
159.73;00:02:39.730;;;;6
159.78;00:02:39.780;0,5;0;0,5
159.78;00:02:39.780;;;;9
160.34;00:02:40.340;0,5;0,5;0
160.54;00:02:40.540;0,5;0;0,5
160.54;00:02:40.540;;;;19
160.69;00:02:40.690;0,5;0;0,5
160.69;00:02:40.690;;;;9
160.99;00:02:40.990;0,5;0;0,5
160.99;00:02:40.990;;;;14
161.02;00:02:41.020;0,5;0;0,5
161.02;00:02:41.020;;;;19
161.02;00:02:41.020;0,5;0;0,5
161.02;00:02:41.020;;;;19
161.13;00:02:41.130;0,5;0;0,5
161.13;00:02:41.130;;;;20
161.56;00:02:41.560;0,5;0;0,5
161.56;00:02:41.560;;;;10
162.64;00:02:42.640;0,5;0;0,5
162.64;00:02:42.640;;;;30
162.99;00:02:42.990;0,5;0;0,5
162.99;00:02:42.990;;;;20
163.02;00:02:43.020;0,5;0;0,5
163.02;00:02:43.020;;;;20
163.95;00:02:43.950;0,5;0;0,5
163.95;00:02:43.950;;;;20
164.00;00:02:44.000;0,5;0;0,5
164.00;00:02:44.000;;;;10
164.13;00:02:44.130;0,5;0;0,5
164.13;00:02:44.130;;;;30
164.13;00:02:44.130;0,5;0;0,5
164.13;00:02:44.130;;;;30
164.16;00:02:44.160;0,5;0;0,5
164.16;00:02:44.160;;;;55
164.18;00:02:44.180;0,5;0;0,5
164.18;00:02:44.180;;;;20
164.21;00:02:44.210;0,5;0;0,5
164.21;00:02:44.210;;;;31
164.21;00:02:44.210;0,5;0;0,5
164.21;00:02:44.210;;;;31
164.33;00:02:44.330;0,5;0;0,5
164.33;00:02:44.330;;;;20
164.41;00:02:44.410;0,5;0;0,5
164.41;00:02:44.410;;;;9
164.46;00:02:44.460;0,5;0;0,5
164.46;00:02:44.460;;;;30
164.48;00:02:44.480;0,5;0;0,5
164.48;00:02:44.480;;;;20
164.48;00:02:44.480;0,5;0;0,5
164.48;00:02:44.480;;;;20
164.53;00:02:44.530;0,5;0;0,5
164.53;00:02:44.530;;;;10
164.56;00:02:44.560;0,5;0;0,5
164.56;00:02:44.560;;;;10
164.68;00:02:44.680;0,5;0;0,5
164.68;00:02:44.680;;;;30
164.78;00:02:44.780;0,5;0;0,5
164.78;00:02:44.780;;;;30
165.50;00:02:45.500;0,5;0;0,5
165.50;00:02:45.500;;;;30
165.50;00:02:45.500;0,5;0;0,5
165.50;00:02:45.500;;;;29
165.53;00:02:45.530;0,5;0;0,5
165.53;00:02:45.530;;;;28
165.56;00:02:45.560;0,5;0;0,5
165.56;00:02:45.560;;;;28
165.59;00:02:45.590;0,5;0;0,5
165.59;00:02:45.590;;;;29
165.59;00:02:45.590;0,5;0;0,5
165.59;00:02:45.590;;;;29
166.03;00:02:46.030;0,5;0;0,5
166.03;00:02:46.030;;;;20
166.03;00:02:46.030;0,5;0;0,5
166.03;00:02:46.030;;;;20
166.60;00:02:46.600;0,5;0;0,5
166.60;00:02:46.600;;;;30
166.60;00:02:46.600;0,5;0;0,5
166.60;00:02:46.600;;;;10
167.08;00:02:47.080;0,5;0;0,5
167.08;00:02:47.080;;;;10
167.19;00:02:47.190;0,5;0;0,5
167.19;00:02:47.190;;;;10
167.19;00:02:47.190;0,5;0;0,5
167.19;00:02:47.190;;;;10
167.24;00:02:47.240;0,5;0;0,5
167.24;00:02:47.240;;;;10
167.24;00:02:47.240;0,5;0;0,5
167.24;00:02:47.240;;;;10
167.34;00:02:47.340;0,5;0;0,5
167.34;00:02:47.340;;;;10
167.47;00:02:47.470;0,5;0;0,5
167.47;00:02:47.470;;;;30
167.82;00:02:47.820;0,5;0;0,5
167.82;00:02:47.820;;;;10
167.84;00:02:47.840;0,5;0;0,5
167.84;00:02:47.840;;;;10
167.87;00:02:47.870;0,5;0;0,5
167.87;00:02:47.870;;;;10
167.90;00:02:47.900;0,5;0;0,5
167.90;00:02:47.900;;;;10
167.93;00:02:47.930;0,5;0;0,5
167.93;00:02:47.930;;;;10
167.93;00:02:47.930;0,5;0;0,5
167.93;00:02:47.930;;;;10
168.03;00:02:48.030;0,5;0;0,5
168.03;00:02:48.030;;;;20
168.11;00:02:48.110;0,5;0;0,5
168.11;00:02:48.110;;;;20
168.13;00:02:48.130;0,5;0;0,5
168.13;00:02:48.130;;;;19
168.13;00:02:48.130;0,5;0;0,5
168.13;00:02:48.130;;;;19
168.15;00:02:48.150;0,5;0;0,5
168.15;00:02:48.150;;;;9
168.18;00:02:48.180;0,5;0;0,5
168.18;00:02:48.180;;;;10
168.23;00:02:48.230;0,5;0;0,5
168.23;00:02:48.230;;;;10
168.26;00:02:48.260;0,5;0;0,5
168.26;00:02:48.260;;;;10
168.29;00:02:48.290;0,5;0;0,5
168.29;00:02:48.290;;;;10
168.35;00:02:48.350;0,5;0;0,5
168.35;00:02:48.350;;;;30
168.35;00:02:48.350;0,5;0;0,5
168.35;00:02:48.350;;;;30
168.45;00:02:48.450;0,5;0;0,5
168.45;00:02:48.450;;;;20
168.45;00:02:48.450;0,5;0;0,5
168.45;00:02:48.450;;;;20
168.48;00:02:48.480;0,5;0;0,5
168.48;00:02:48.480;;;;30
168.53;00:02:48.530;0,5;0;0,5
168.53;00:02:48.530;;;;20
168.53;00:02:48.530;0,5;0;0,5
168.53;00:02:48.530;;;;20
168.58;00:02:48.580;0,5;0;0,5
168.58;00:02:48.580;;;;20
168.58;00:02:48.580;0,5;0;0,5
168.58;00:02:48.580;;;;20
168.61;00:02:48.610;0,5;0;0,5
168.61;00:02:48.610;;;;20
168.61;00:02:48.610;0,5;0;0,5
168.61;00:02:48.610;;;;20
168.67;00:02:48.670;0,5;0;0,5
168.67;00:02:48.670;;;;30
168.70;00:02:48.700;0,5;0;0,5
168.70;00:02:48.700;;;;30
168.73;00:02:48.730;0,5;0;0,5
168.73;00:02:48.730;;;;30
168.79;00:02:48.790;0,5;0;0,5
168.79;00:02:48.790;;;;30
168.79;00:02:48.790;0,5;0;0,5
168.79;00:02:48.790;;;;30
168.81;00:02:48.810;0,5;0;0,5
168.81;00:02:48.810;;;;30
168.90;00:02:48.900;0,5;0;0,5
168.90;00:02:48.900;;;;20
168.93;00:02:48.930;0,5;0;0,5
168.93;00:02:48.930;;;;20
168.93;00:02:48.930;0,5;0;0,5
168.93;00:02:48.930;;;;20
168.95;00:02:48.950;0,5;0;0,5
168.95;00:02:48.950;;;;10
168.98;00:02:48.980;0,5;0;0,5
168.98;00:02:48.980;;;;20
169.04;00:02:49.040;0,5;0;0,5
169.04;00:02:49.040;;;;20
169.04;00:02:49.040;0,5;0;0,5
169.04;00:02:49.040;;;;20
169.06;00:02:49.060;0,5;0;0,5
169.06;00:02:49.060;;;;20
169.11;00:02:49.110;0,5;0;0,5
169.11;00:02:49.110;;;;10
169.14;00:02:49.140;0,5;0;0,5
169.14;00:02:49.140;;;;20
169.14;00:02:49.140;0,5;0;0,5
169.14;00:02:49.140;;;;11
169.16;00:02:49.160;0,5;0;0,5
169.16;00:02:49.160;;;;29
169.19;00:02:49.190;0,5;0;0,5
169.19;00:02:49.190;;;;30
169.24;00:02:49.240;0,5;0;0,5
169.24;00:02:49.240;;;;30
169.27;00:02:49.270;0,5;0;0,5
169.27;00:02:49.270;;;;30
169.27;00:02:49.270;0,5;0;0,5
169.27;00:02:49.270;;;;30
169.29;00:02:49.290;0,5;0;0,5
169.29;00:02:49.290;;;;20
169.34;00:02:49.340;0,5;0;0,5
169.34;00:02:49.340;;;;10
169.34;00:02:49.340;0,5;0;0,5
169.34;00:02:49.340;;;;10
169.37;00:02:49.370;0,5;0;0,5
169.37;00:02:49.370;;;;10
169.37;00:02:49.370;0,5;0;0,5
169.37;00:02:49.370;;;;9
169.46;00:02:49.460;0,5;0;0,5
169.46;00:02:49.460;;;;20
169.48;00:02:49.480;0,5;0;0,5
169.48;00:02:49.480;;;;10
169.48;00:02:49.480;0,5;0;0,5
169.48;00:02:49.480;;;;10
169.51;00:02:49.510;0,5;0;0,5
169.51;00:02:49.510;;;;10
169.76;00:02:49.760;0,5;0;0,5
169.76;00:02:49.760;;;;17
169.79;00:02:49.790;0,5;0;0,5
169.79;00:02:49.790;;;;28
170.06;00:02:50.060;0,5;0;0,5
170.06;00:02:50.060;;;;10
170.34;00:02:50.340;0,5;0,5;0
170.43;00:02:50.430;0,5;0;0,5
170.43;00:02:50.430;;;;21
170.46;00:02:50.460;0,5;0;0,5
170.46;00:02:50.460;;;;19
170.49;00:02:50.490;0,5;0;0,5
170.49;00:02:50.490;;;;20
170.51;00:02:50.510;0,5;0;0,5
170.51;00:02:50.510;;;;10
170.51;00:02:50.510;0,5;0;0,5
170.51;00:02:50.510;;;;10
170.54;00:02:50.540;0,5;0;0,5
170.54;00:02:50.540;;;;10
170.57;00:02:50.570;0,5;0;0,5
170.57;00:02:50.570;;;;9
170.60;00:02:50.600;0,5;0;0,5
170.60;00:02:50.600;;;;7
170.82;00:02:50.820;0,5;0;0,5
170.82;00:02:50.820;;;;20
171.00;00:02:51.000;0,5;0;0,5
171.00;00:02:51.000;;;;23
171.03;00:02:51.030;0,5;0;0,5
171.03;00:02:51.030;;;;28
171.05;00:02:51.050;0,5;0;0,5
171.05;00:02:51.050;;;;19
171.76;00:02:51.760;0,5;0;0,5
171.76;00:02:51.760;;;;30
172.73;00:02:52.730;0,5;0;0,5
172.73;00:02:52.730;;;;50
173.16;00:02:53.160;0,5;0;0,5
173.16;00:02:53.160;;;;30
174.13;00:02:54.130;0,5;0;0,5
174.13;00:02:54.130;;;;27
174.76;00:02:54.760;0,5;0;0,5
174.76;00:02:54.760;;;;29
174.76;00:02:54.760;0,5;0;0,5
174.76;00:02:54.760;;;;29
174.81;00:02:54.810;0,5;0;0,5
174.81;00:02:54.810;;;;30
174.84;00:02:54.840;0,5;0;0,5
174.84;00:02:54.840;;;;28
175.00;00:02:55.000;0,5;0;0,5
175.00;00:02:55.000;;;;10
175.05;00:02:55.050;0,5;0;0,5
175.05;00:02:55.050;;;;30
175.42;00:02:55.420;0,5;0;0,5
175.42;00:02:55.420;;;;10
175.50;00:02:55.500;0,5;0;0,5
175.50;00:02:55.500;;;;30
175.52;00:02:55.520;0,5;0;0,5
175.52;00:02:55.520;;;;18
175.55;00:02:55.550;0,5;0;0,5
175.55;00:02:55.550;;;;19
175.97;00:02:55.970;0,5;0;0,5
175.97;00:02:55.970;;;;20
176.03;00:02:56.030;0,5;0;0,5
176.03;00:02:56.030;;;;30
176.03;00:02:56.030;0,5;0;0,5
176.03;00:02:56.030;;;;20
176.16;00:02:56.160;0,5;0;0,5
176.16;00:02:56.160;;;;30
176.16;00:02:56.160;0,5;0;0,5
176.16;00:02:56.160;;;;30
176.19;00:02:56.190;0,5;0;0,5
176.19;00:02:56.190;;;;30
176.19;00:02:56.190;0,5;0;0,5
176.19;00:02:56.190;;;;11
176.24;00:02:56.240;0,5;0;0,5
176.24;00:02:56.240;;;;29
176.24;00:02:56.240;0,5;0;0,5
176.24;00:02:56.240;;;;29
176.36;00:02:56.360;0,5;0;0,5
176.36;00:02:56.360;;;;30
176.43;00:02:56.430;0,5;0;0,5
176.43;00:02:56.430;;;;20
176.49;00:02:56.490;0,5;0;0,5
176.49;00:02:56.490;;;;30
176.49;00:02:56.490;0,5;0;0,5
176.49;00:02:56.490;;;;11
176.52;00:02:56.520;0,5;0;0,5
176.52;00:02:56.520;;;;39
176.55;00:02:56.550;0,5;0;0,5
176.55;00:02:56.550;;;;20
176.57;00:02:56.570;0,5;0;0,5
176.57;00:02:56.570;;;;10
176.69;00:02:56.690;0,5;0;0,5
176.69;00:02:56.690;;;;10
177.62;00:02:57.620;0,5;0;0,5
177.62;00:02:57.620;;;;30
178.04;00:02:58.040;0,5;0;0,5
178.04;00:02:58.040;;;;9
178.63;00:02:58.630;0,5;0;0,5
178.63;00:02:58.630;;;;30
178.63;00:02:58.630;0,5;0;0,5
178.63;00:02:58.630;;;;30
179.10;00:02:59.100;0,5;0;0,5
179.10;00:02:59.100;;;;23
179.13;00:02:59.130;0,5;0;0,5
179.13;00:02:59.130;;;;19
179.13;00:02:59.130;0,5;0;0,5
179.13;00:02:59.130;;;;19
179.20;00:02:59.200;0,5;0;0,5
179.20;00:02:59.200;;;;10
179.20;00:02:59.200;0,5;0;0,5
179.20;00:02:59.200;;;;10
179.25;00:02:59.250;0,5;0;0,5
179.25;00:02:59.250;;;;10
179.25;00:02:59.250;0,5;0;0,5
179.25;00:02:59.250;;;;10
179.36;00:02:59.360;0,5;0;0,5
179.36;00:02:59.360;;;;20
179.48;00:02:59.480;0,5;0;0,5
179.48;00:02:59.480;;;;10
179.76;00:02:59.760;0,5;0;0,5
179.76;00:02:59.760;;;;20
179.81;00:02:59.810;0,5;0;0,5
179.81;00:02:59.810;;;;28
179.83;00:02:59.830;0,5;0;0,5
179.83;00:02:59.830;;;;19
179.86;00:02:59.860;0,5;0;0,5
179.86;00:02:59.860;;;;41
179.89;00:02:59.890;0,5;0;0,5
179.89;00:02:59.890;;;;20
179.91;00:02:59.910;0,5;0;0,5
179.91;00:02:59.910;;;;10
179.94;00:02:59.940;0,5;0;0,5
179.94;00:02:59.940;;;;10
179.94;00:02:59.940;0,5;0;0,5
179.94;00:02:59.940;;;;10
180.06;00:03:0.060;0,5;0;0,5
180.06;00:03:0.060;;;;30
180.14;00:03:0.139;0,5;0;0,5
180.14;00:03:0.139;;;;30
180.14;00:03:0.139;0,5;0;0,5
180.14;00:03:0.139;;;;11
180.16;00:03:0.159;0,5;0;0,5
180.16;00:03:0.159;;;;29
180.16;00:03:0.159;0,5;0;0,5
180.16;00:03:0.159;;;;11
180.19;00:03:0.189;0,5;0;0,5
180.19;00:03:0.189;;;;10
180.24;00:03:0.240;0,5;0;0,5
180.24;00:03:0.240;;;;10
180.27;00:03:0.270;0,5;0;0,5
180.27;00:03:0.270;;;;10
180.32;00:03:0.319;0,5;0;0,5
180.32;00:03:0.319;;;;30
180.34;00:03:0.340;0,5;0,5;0
180.37;00:03:0.370;0,5;0;0,5
180.37;00:03:0.370;;;;20
180.37;00:03:0.370;0,5;0;0,5
180.37;00:03:0.370;;;;20
180.46;00:03:0.460;0,5;0;0,5
180.46;00:03:0.460;;;;19
180.46;00:03:0.460;0,5;0;0,5
180.46;00:03:0.460;;;;11
180.51;00:03:0.509;0,5;0;0,5
180.51;00:03:0.509;;;;30
180.51;00:03:0.509;0,5;0;0,5
180.51;00:03:0.509;;;;10
180.54;00:03:0.539;0,5;0;0,5
180.54;00:03:0.539;;;;10
180.54;00:03:0.539;0,5;0;0,5
180.54;00:03:0.539;;;;10
180.59;00:03:0.590;0,5;0;0,5
180.59;00:03:0.590;;;;29
180.62;00:03:0.620;0,5;0;0,5
180.62;00:03:0.620;;;;41
180.62;00:03:0.620;0,5;0;0,5
180.62;00:03:0.620;;;;40
180.65;00:03:0.650;0,5;0;0,5
180.65;00:03:0.650;;;;40
180.65;00:03:0.650;0,5;0;0,5
180.65;00:03:0.650;;;;40
180.67;00:03:0.669;0,5;0;0,5
180.67;00:03:0.669;;;;48
180.70;00:03:0.699;0,5;0;0,5
180.70;00:03:0.699;;;;30
180.76;00:03:0.759;0,5;0;0,5
180.76;00:03:0.759;;;;30
180.81;00:03:0.810;0,5;0;0,5
180.81;00:03:0.810;;;;20
180.84;00:03:0.840;0,5;0;0,5
180.84;00:03:0.840;;;;30
180.93;00:03:0.930;0,5;0;0,5
180.93;00:03:0.930;;;;30
180.95;00:03:0.949;0,5;0;0,5
180.95;00:03:0.949;;;;21
180.95;00:03:0.949;0,5;0;0,5
180.95;00:03:0.949;;;;21
180.98;00:03:0.979;0,5;0;0,5
180.98;00:03:0.979;;;;30
181.00;00:03:1.000;0,5;0;0,5
181.00;00:03:1.000;;;;20
181.03;00:03:1.030;0,5;0;0,5
181.03;00:03:1.030;;;;19
181.06;00:03:1.060;0,5;0;0,5
181.06;00:03:1.060;;;;19
181.08;00:03:1.080;0,5;0;0,5
181.08;00:03:1.080;;;;20
181.13;00:03:1.130;0,5;0;0,5
181.13;00:03:1.130;;;;20
181.15;00:03:1.150;0,5;0;0,5
181.15;00:03:1.150;;;;9
181.17;00:03:1.169;0,5;0;0,5
181.17;00:03:1.169;;;;10
181.22;00:03:1.220;0,5;0;0,5
181.22;00:03:1.220;;;;30
181.25;00:03:1.250;0,5;0;0,5
181.25;00:03:1.250;;;;10
181.30;00:03:1.300;0,5;0;0,5
181.30;00:03:1.300;;;;30
181.30;00:03:1.300;0,5;0;0,5
181.30;00:03:1.300;;;;30
181.32;00:03:1.319;0,5;0;0,5
181.32;00:03:1.319;;;;30
181.35;00:03:1.349;0,5;0;0,5
181.35;00:03:1.349;;;;10
181.35;00:03:1.349;0,5;0;0,5
181.35;00:03:1.349;;;;10
181.38;00:03:1.380;0,5;0;0,5
181.38;00:03:1.380;;;;10
181.38;00:03:1.380;0,5;0;0,5
181.38;00:03:1.380;;;;10
181.47;00:03:1.470;0,5;0;0,5
181.47;00:03:1.470;;;;10
181.50;00:03:1.500;0,5;0;0,5
181.50;00:03:1.500;;;;20
181.50;00:03:1.500;0,5;0;0,5
181.50;00:03:1.500;;;;20
181.52;00:03:1.520;0,5;0;0,5
181.52;00:03:1.520;;;;10
181.78;00:03:1.780;0,5;0;0,5
181.78;00:03:1.780;;;;20
181.81;00:03:1.810;0,5;0;0,5
181.81;00:03:1.810;;;;20
182.08;00:03:2.080;0,5;0;0,5
182.08;00:03:2.080;;;;20
182.53;00:03:2.530;0,5;0;0,5
182.53;00:03:2.530;;;;19
182.58;00:03:2.580;0,5;0;0,5
182.58;00:03:2.580;;;;10
183.01;00:03:3.009;0,5;0;0,5
183.01;00:03:3.009;;;;10
183.16;00:03:3.160;0,5;0;0,5
183.16;00:03:3.160;;;;30
184.14;00:03:4.139;0,5;0;0,5
184.14;00:03:4.139;;;;29
184.78;00:03:4.780;0,5;0;0,5
184.78;00:03:4.780;;;;10
185.41;00:03:5.410;0,5;0;0,5
185.41;00:03:5.410;;;;10
185.49;00:03:5.490;0,5;0;0,5
185.49;00:03:5.490;;;;30
186.02;00:03:6.020;0,5;0;0,5
186.02;00:03:6.020;;;;19
186.02;00:03:6.020;0,5;0;0,5
186.02;00:03:6.020;;;;18
186.05;00:03:6.050;0,5;0;0,5
186.05;00:03:6.050;;;;47
186.16;00:03:6.160;0,5;0;0,5
186.16;00:03:6.160;;;;28
187.02;00:03:7.020;0,5;0;0,5
187.02;00:03:7.020;;;;20
187.08;00:03:7.080;0,5;0;0,5
187.08;00:03:7.080;;;;30
187.58;00:03:7.580;0,5;0;0,5
187.58;00:03:7.580;;;;30
187.99;00:03:7.990;0,5;0;0,5
187.99;00:03:7.990;;;;20
188.05;00:03:8.050;0,5;0;0,5
188.05;00:03:8.050;;;;20
188.05;00:03:8.050;0,5;0;0,5
188.05;00:03:8.050;;;;20
188.19;00:03:8.190;0,5;0;0,5
188.19;00:03:8.190;;;;30
188.19;00:03:8.190;0,5;0;0,5
188.19;00:03:8.190;;;;30
188.21;00:03:8.210;0,5;0;0,5
188.21;00:03:8.210;;;;20
188.21;00:03:8.210;0,5;0;0,5
188.21;00:03:8.210;;;;20
188.27;00:03:8.270;0,5;0;0,5
188.27;00:03:8.270;;;;30
188.27;00:03:8.270;0,5;0;0,5
188.27;00:03:8.270;;;;30
188.38;00:03:8.380;0,5;0;0,5
188.38;00:03:8.380;;;;20
188.46;00:03:8.460;0,5;0;0,5
188.46;00:03:8.460;;;;30
188.52;00:03:8.520;0,5;0;0,5
188.52;00:03:8.520;;;;30
188.52;00:03:8.520;0,5;0;0,5
188.52;00:03:8.520;;;;30
188.54;00:03:8.539;0,5;0;0,5
188.54;00:03:8.539;;;;20
188.57;00:03:8.569;0,5;0;0,5
188.57;00:03:8.569;;;;20
188.59;00:03:8.590;0,5;0;0,5
188.59;00:03:8.590;;;;20
188.70;00:03:8.699;0,5;0;0,5
188.70;00:03:8.699;;;;10
189.64;00:03:9.639;0,5;0;0,5
189.64;00:03:9.639;;;;20
189.79;00:03:9.789;0,5;0;0,5
189.79;00:03:9.789;;;;20
190.34;00:03:10.340;0,5;0,5;0
190.41;00:03:10.410;0,5;0;0,5
190.41;00:03:10.410;;;;9
190.46;00:03:10.460;0,5;0;0,5
190.46;00:03:10.460;;;;29
190.51;00:03:10.510;0,5;0;0,5
190.51;00:03:10.510;;;;20
190.59;00:03:10.590;0,5;0;0,5
190.59;00:03:10.590;;;;9
190.64;00:03:10.640;0,5;0;0,5
190.64;00:03:10.640;;;;10
190.64;00:03:10.640;0,5;0;0,5
190.64;00:03:10.640;;;;10
190.69;00:03:10.690;0,5;0;0,5
190.69;00:03:10.690;;;;30
191.02;00:03:11.020;0,5;0;0,5
191.02;00:03:11.020;;;;30
191.11;00:03:11.110;0,5;0;0,5
191.11;00:03:11.110;;;;7
191.16;00:03:11.160;0,5;0;0,5
191.16;00:03:11.160;;;;29
191.22;00:03:11.220;0,5;0;0,5
191.22;00:03:11.220;;;;20
191.22;00:03:11.220;0,5;0;0,5
191.22;00:03:11.220;;;;20
191.27;00:03:11.270;0,5;0;0,5
191.27;00:03:11.270;;;;20
191.27;00:03:11.270;0,5;0;0,5
191.27;00:03:11.270;;;;20
191.38;00:03:11.380;0,5;0;0,5
191.38;00:03:11.380;;;;20
191.50;00:03:11.500;0,5;0;0,5
191.50;00:03:11.500;;;;20
191.77;00:03:11.770;0,5;0;0,5
191.77;00:03:11.770;;;;10
191.85;00:03:11.850;0,5;0;0,5
191.85;00:03:11.850;;;;20
191.88;00:03:11.880;0,5;0;0,5
191.88;00:03:11.880;;;;19
191.91;00:03:11.910;0,5;0;0,5
191.91;00:03:11.910;;;;20
191.94;00:03:11.940;0,5;0;0,5
191.94;00:03:11.940;;;;30
191.96;00:03:11.960;0,5;0;0,5
191.96;00:03:11.960;;;;20
191.96;00:03:11.960;0,5;0;0,5
191.96;00:03:11.960;;;;20
192.08;00:03:12.080;0,5;0;0,5
192.08;00:03:12.080;;;;20
192.16;00:03:12.160;0,5;0;0,5
192.16;00:03:12.160;;;;20
192.16;00:03:12.160;0,5;0;0,5
192.16;00:03:12.160;;;;20
192.19;00:03:12.190;0,5;0;0,5
192.19;00:03:12.190;;;;30
192.19;00:03:12.190;0,5;0;0,5
192.19;00:03:12.190;;;;30
192.22;00:03:12.220;0,5;0;0,5
192.22;00:03:12.220;;;;30
192.25;00:03:12.250;0,5;0;0,5
192.25;00:03:12.250;;;;10
192.29;00:03:12.290;0,5;0;0,5
192.29;00:03:12.290;;;;20
192.34;00:03:12.340;0,5;0;0,5
192.34;00:03:12.340;;;;20
192.39;00:03:12.390;0,5;0;0,5
192.39;00:03:12.390;;;;20
192.48;00:03:12.480;0,5;0;0,5
192.48;00:03:12.480;;;;19
192.53;00:03:12.530;0,5;0;0,5
192.53;00:03:12.530;;;;20
192.53;00:03:12.530;0,5;0;0,5
192.53;00:03:12.530;;;;20
192.56;00:03:12.560;0,5;0;0,5
192.56;00:03:12.560;;;;20
192.56;00:03:12.560;0,5;0;0,5
192.56;00:03:12.560;;;;20
192.64;00:03:12.640;0,5;0;0,5
192.64;00:03:12.640;;;;20
192.64;00:03:12.640;0,5;0;0,5
192.64;00:03:12.640;;;;20
192.67;00:03:12.670;0,5;0;0,5
192.67;00:03:12.670;;;;20
192.67;00:03:12.670;0,5;0;0,5
192.67;00:03:12.670;;;;20
192.69;00:03:12.690;0,5;0;0,5
192.69;00:03:12.690;;;;20
192.72;00:03:12.720;0,5;0;0,5
192.72;00:03:12.720;;;;20
192.78;00:03:12.780;0,5;0;0,5
192.78;00:03:12.780;;;;20
192.83;00:03:12.830;0,5;0;0,5
192.83;00:03:12.830;;;;20
192.86;00:03:12.860;0,5;0;0,5
192.86;00:03:12.860;;;;20
192.94;00:03:12.940;0,5;0;0,5
192.94;00:03:12.940;;;;10
192.96;00:03:12.960;0,5;0;0,5
192.96;00:03:12.960;;;;10
192.96;00:03:12.960;0,5;0;0,5
192.96;00:03:12.960;;;;10
